age,income,loan_amount,credit_score,employment_years,debt_to_income,gender,ethnicity,loan_approved
56,81788,30634,438,19,0.34594973337320245,Male,White,0
69,102879,14168,572,33,0.4985379396257498,Male,Black,0
46,58827,25961,780,15,0.05954273475081254,Male,Black,1
32,127188,49096,715,24,0.40295340898995574,Male,Black,1
60,25655,28852,805,11,0.1461001042024809,Female,Black,0
25,64859,38110,723,6,0.45918014002539354,Male,Asian,1
38,73625,37174,706,38,0.5099236898089469,Female,Black,1
56,72098,39215,689,16,0.44536740524228313,Female,Hispanic,0
36,35251,31955,641,10,0.5906364083826462,Male,Hispanic,0
40,142413,11581,792,5,0.2684873953927211,Female,Hispanic,1
28,20526,49619,491,22,0.6120852733065048,Female,Asian,0
28,88760,11317,798,26,0.34621366536655496,Female,Black,1
41,67837,47856,532,5,0.38734759865807744,Male,Hispanic,1
53,145133,31649,526,37,0.5184817018088571,Male,Hispanic,0
57,149478,28132,670,1,0.014686707199379168,Male,Hispanic,0
41,31536,21789,438,21,0.5231953771361987,Male,Hispanic,0
20,48541,19567,448,19,0.4948681192576923,Male,White,0
39,99083,19868,414,24,0.24787769340262394,Male,Black,1
19,71027,29370,749,14,0.06863542791959158,Male,Black,1
41,54531,47533,362,28,0.07274835993043292,Female,Asian,0
61,28712,35483,403,7,0.7385789975881829,Female,White,0
47,124101,17466,572,36,0.5514234569806697,Male,Asian,0
55,85455,33803,305,32,0.10168209101659231,Female,Hispanic,1
19,94744,23230,446,21,0.2853785354471251,Male,Asian,1
38,141787,22862,483,4,0.47398639512127716,Male,Hispanic,1
50,149749,48355,327,38,0.668457364072519,Male,Hispanic,1
29,25109,36259,849,17,0.03492874297040682,Female,Black,1
39,141332,38539,418,37,0.1893065051760071,Male,Black,1
61,69268,26909,592,36,0.7117991922363041,Male,Black,0
42,120737,35795,670,29,0.007332440147053188,Male,Black,1
66,74615,13770,543,30,0.16111928223510993,Male,Black,0
44,102503,16093,517,9,0.7672193407783728,Female,White,0
59,143274,5193,476,14,0.4907214772177369,Male,Black,1
45,49759,39775,598,17,0.20933709331000516,Female,Asian,0
33,105708,22569,357,22,0.05359287551667809,Female,Hispanic,1
32,80112,16190,568,32,0.022553072357777728,Male,Black,0
64,122471,47752,607,15,0.19579606370954183,Male,White,1
68,146740,37327,587,37,0.7051886556711284,Female,Asian,0
61,143153,47070,404,34,0.3327309234380076,Female,Asian,0
69,46589,25389,527,33,0.5762666953327944,Female,Hispanic,0
20,50015,45197,546,27,0.7346280283039662,Female,Asian,0
54,49009,7261,793,1,0.3264323692822533,Male,Asian,0
68,103309,33369,382,29,0.15302189682991765,Female,Asian,1
24,146446,31512,485,12,0.4136943446855356,Female,Asian,0
38,82046,11716,551,15,0.7264669496478836,Female,White,0
26,126661,26259,654,4,0.6434995313101606,Female,Hispanic,0
56,46143,33933,509,27,0.05266387469052303,Male,Black,0
35,26154,46689,746,38,0.5540582400620655,Male,Asian,1
21,41804,9378,759,19,0.457518017967163,Male,White,1
42,61688,45583,771,23,0.7259705410771404,Female,Hispanic,1
31,84288,24835,669,26,0.0979851334802378,Female,Black,1
67,71195,34033,791,29,0.4272288905637253,Male,Hispanic,1
26,40581,29000,436,26,0.7035701548095139,Male,White,0
43,72648,15332,666,25,0.32801902939339445,Female,White,0
19,50087,47604,483,6,0.3855959341862937,Male,White,0
37,69930,7800,586,37,0.05636854213356664,Female,Asian,1
45,52981,34538,771,4,0.22251491235912868,Female,White,1
64,89298,35119,674,22,0.2596053193351579,Female,Black,1
24,66167,13333,836,27,0.7560979589959096,Female,Asian,1
61,95304,10410,810,33,0.22613388843292725,Female,Hispanic,1
25,63408,22839,549,14,0.3686949882157216,Female,Black,0
64,59499,35519,809,31,0.5370435388514239,Male,Asian,1
52,145816,10808,372,25,0.12974669792630192,Male,White,1
31,72269,11796,581,30,0.3891539097134996,Male,Hispanic,0
34,58559,26180,659,18,0.5908312315807261,Female,White,0
53,134126,48056,309,8,0.6934841704216529,Male,Black,0
67,94319,22709,510,28,0.5010074197299413,Female,Black,0
57,131925,22543,451,38,0.5352428122535583,Female,Asian,0
21,115317,42418,304,3,0.10102677806765517,Female,Black,0
19,116347,34075,494,2,0.7566211977970778,Female,Hispanic,0
23,68787,42755,582,28,0.10605926198758589,Male,Asian,1
59,55488,42465,763,10,0.6197383497454387,Male,Hispanic,0
21,94441,35502,412,32,0.21185305742265506,Male,White,1
46,94663,21724,570,37,0.7468745149610013,Female,Hispanic,0
35,42431,8828,462,10,0.5759676314955836,Male,Hispanic,0
43,81681,22087,759,26,0.6030509703826952,Male,Black,1
61,83483,17605,404,32,0.17524733844790666,Male,White,1
51,142720,36337,581,20,0.3544319813081287,Female,Black,0
27,69153,10482,461,38,0.49425055567142917,Male,White,1
53,26368,32005,650,30,0.6159788945652808,Female,White,0
31,47424,27760,733,37,0.08316750072991166,Male,Hispanic,1
48,132360,10463,439,1,0.7698922531636228,Female,Black,0
65,65004,9912,770,26,0.7121765364436449,Male,Hispanic,1
32,103869,9648,431,35,0.21627887239646748,Male,Hispanic,1
25,108652,38623,386,10,0.6582081944258656,Male,Hispanic,0
31,132755,40634,482,17,0.41465913843185875,Female,White,0
40,76985,49602,667,0,0.36944518524961495,Male,Black,1
57,70069,8112,428,34,0.25154728464912435,Male,Black,1
38,72326,27054,545,34,0.464774869305274,Female,Hispanic,0
33,128737,9492,677,30,0.5839112941628782,Female,White,1
62,101061,27207,448,27,0.32874632397020664,Female,Black,0
35,43398,20114,732,38,0.5033753544066337,Female,Asian,1
64,118393,39285,768,0,0.5594503369242431,Male,Black,1
41,70861,21018,745,24,0.5688974536122288,Male,Hispanic,1
43,95897,26386,780,37,0.041572878504944205,Female,Asian,1
42,101905,22740,593,19,0.6877982445480536,Male,White,1
62,147118,49199,442,2,0.3666026518120384,Female,Asian,0
58,88577,13210,549,1,0.20993286535697156,Male,Asian,0
46,85641,49363,601,17,0.1934116059837453,Female,Hispanic,0
32,29078,17743,324,9,0.3864112902751604,Male,Black,0
62,45003,47092,369,4,0.7094652315751674,Female,White,0
18,82768,49299,411,8,0.3026780653461176,Female,Asian,0
42,71047,11588,663,1,0.5997805974268346,Male,Hispanic,1
24,91626,8311,602,33,0.07745498478977489,Male,Black,1
26,77660,27432,770,37,0.38084536172084943,Male,Asian,1
41,124386,38755,390,30,0.7933489123141886,Female,Hispanic,0
18,69786,8321,829,9,0.6163502422338696,Male,Hispanic,1
61,21925,20812,491,11,0.16842279075249042,Female,Hispanic,0
25,103976,42383,541,35,0.4011531789583286,Male,White,1
41,125221,18146,437,20,0.18689981091885324,Male,Black,1
28,137832,18654,644,5,0.3276487418100074,Female,Asian,0
68,145150,40820,479,2,0.6240672189879719,Female,Black,0
34,46015,5726,802,9,0.616979852232323,Male,Black,1
25,53320,8760,502,4,0.18248030232190812,Female,Asian,0
52,84881,27190,491,25,0.7377786545238881,Female,Black,0
52,110827,6875,304,20,0.4740545462118615,Male,White,1
50,140071,28377,536,25,0.30393943276961166,Female,Asian,1
22,122215,9033,610,37,0.4015484646246885,Male,Asian,0
59,46289,43211,848,25,0.484057002750195,Male,Hispanic,1
56,148859,22373,355,7,0.44791242547662835,Female,Black,0
58,23389,8744,742,4,0.38912402842894256,Male,Asian,1
45,45683,29995,536,14,0.4039462432715201,Female,Asian,0
24,33629,21977,496,15,0.14112952834230894,Male,White,1
26,81550,37402,813,0,0.6501863234437435,Female,Hispanic,1
25,44826,39542,748,15,0.4334082559528123,Female,Asian,0
29,120734,15651,659,36,0.10486388936376248,Female,White,1
51,46630,38703,329,2,0.6129256812662224,Female,Asian,0
50,118762,18395,407,30,0.7459551827018807,Female,Asian,0
65,66163,34808,744,12,0.7578455193895697,Male,Asian,1
40,118511,41576,737,15,0.2952141859289382,Male,White,1
41,86435,21715,756,20,0.10841349884860324,Female,Black,1
54,31653,49409,794,1,0.41471970130645214,Male,Asian,1
52,47961,29306,546,26,0.09008738347937656,Female,Asian,0
61,101941,24086,842,37,0.7471899348100939,Female,Black,1
57,94137,19376,738,25,0.1468637018841168,Male,Asian,1
39,53662,10889,577,37,0.20221268796093128,Male,Hispanic,0
44,118818,42822,410,24,0.32530922150797636,Female,Asian,0
52,76446,41636,684,10,0.30653157484730065,Female,Hispanic,0
18,41288,25584,490,7,0.6357303139183113,Female,Black,0
52,142555,39610,789,7,0.3650534564407699,Female,White,1
54,115081,15058,725,32,0.13661460800266953,Female,Black,1
64,56877,14101,704,6,0.21376791638885928,Female,Asian,0
31,131562,17497,634,37,0.40729070815001767,Male,Hispanic,0
20,35313,9658,508,20,0.11796313394090792,Female,White,0
18,100885,16381,321,7,0.4893245405168113,Female,Asian,0
22,92715,45312,507,20,0.45259784524091673,Male,White,0
43,30326,45486,307,19,0.5717618531058062,Female,White,0
31,130091,22154,828,7,0.7501636923034942,Female,Asian,1
56,145836,24539,465,30,0.7298036488809245,Male,Black,0
44,21560,16777,795,28,0.7568604944550651,Female,Asian,0
26,99148,39396,728,8,0.19577247761896077,Male,Asian,1
32,103186,35373,462,14,0.1052522453114837,Female,Black,0
32,46745,38154,665,29,0.24182136039715882,Male,Hispanic,0
43,51890,11031,825,25,0.7160681382130517,Male,Asian,0
59,40022,32997,538,9,0.7776427796987906,Male,White,0
30,143629,11439,371,28,0.6874599608563808,Female,Asian,0
68,72579,27785,744,15,0.08801417690203489,Female,Asian,1
49,90316,18392,808,35,0.7579423984478346,Male,White,1
56,103847,33669,568,19,0.3386864218806288,Male,Black,0
66,48380,33939,714,36,0.007448232609882944,Female,Hispanic,1
69,130198,7282,544,21,0.3539149925985549,Female,Hispanic,0
49,22356,39624,359,6,0.03685533574037408,Female,White,0
21,90326,29364,305,22,0.43510233692889405,Female,Black,0
47,112447,6998,706,39,0.27084322194964106,Female,Asian,1
54,134994,36705,516,28,0.37874794687523905,Male,Asian,1
40,109899,43244,325,15,0.49053628859449366,Female,Asian,0
56,40049,14428,304,37,0.6950408766542563,Male,Asian,0
62,95717,42437,831,27,0.529521261177543,Female,Asian,1
32,125361,17336,689,37,0.34723909478254456,Male,White,0
60,36082,14342,747,30,0.6555422829362921,Male,Asian,0
46,20661,44832,445,13,0.7244657100585058,Female,Asian,0
53,57412,12446,687,32,0.09580797314575779,Male,Black,1
30,134015,43392,548,8,0.42554638204223316,Male,Asian,1
49,143191,12461,825,26,0.22760956779395533,Male,Hispanic,1
24,22920,39587,761,23,0.03764895830155793,Male,White,1
68,111194,15516,312,12,0.5348373560911883,Female,White,0
39,134306,18749,683,25,0.6902166219673805,Male,White,1
45,80315,22514,698,28,0.13032212358191525,Female,Hispanic,0
19,99561,40426,318,27,0.6499309260991204,Male,Asian,0
59,28946,41268,790,27,0.6827165868295534,Female,White,0
62,114242,29950,718,7,0.7314723541331869,Female,Hispanic,1
23,65500,39888,636,22,0.21222807126884194,Female,Black,0
45,124540,41788,718,28,0.7231624521519114,Male,Asian,1
45,36309,15213,421,4,0.2565302037891458,Female,Hispanic,0
61,75230,41027,731,6,0.44187041076440225,Female,Asian,0
61,131822,33011,343,35,0.04040597666582571,Male,Black,1
37,118656,47849,616,26,0.035104870694994884,Female,Hispanic,1
47,143782,39591,680,1,0.5762985701857624,Male,Asian,1
28,50027,22858,444,24,0.3555839823822329,Male,Hispanic,0
45,146768,23626,626,8,0.20503390029537405,Female,White,1
42,92541,18467,662,26,0.15233079681992817,Male,Asian,1
56,132340,44758,349,0,0.5359627926873745,Male,Hispanic,0
50,134846,8134,364,22,0.0003212352202718982,Male,White,1
18,79321,21743,654,9,0.6447129353574834,Female,Black,0
44,20956,20434,463,24,0.06339968490394306,Male,Asian,0
69,120375,15233,440,2,0.15319169192649557,Male,Asian,0
30,94131,6141,427,5,0.3089891162392717,Male,Black,0
58,67908,23019,697,5,0.3878869917728829,Female,White,0
20,98339,25384,762,1,0.2839960926511535,Male,Black,1
56,145659,47903,486,17,0.2565697319874351,Female,Asian,0
23,45963,41129,489,22,0.7711328096585508,Male,Hispanic,0
25,121757,27967,687,1,0.5132637449947154,Female,White,0
44,59443,45603,728,11,0.018746364293910567,Female,White,1
26,119259,16172,583,21,0.3441407267554506,Female,White,0
54,59063,21390,536,36,0.7000069597951762,Male,Black,0
50,134225,8267,493,19,0.24116494912853437,Male,Black,0
68,136400,44332,586,38,0.07564507581951059,Male,Hispanic,0
59,100818,31167,435,23,0.6067078172719342,Female,Hispanic,0
61,24703,26312,470,19,0.48481106554886505,Male,White,0
41,85128,32840,458,0,0.45625000626120316,Male,Hispanic,0
32,92099,23990,500,0,0.04286124768592634,Female,Black,0
49,45849,49179,786,16,0.11239920783641387,Male,Hispanic,1
49,51860,10906,803,0,0.49803951697049104,Male,Black,1
41,51585,45379,670,29,0.16625907316706867,Female,Hispanic,0
58,42015,22297,402,2,0.40325606379873946,Female,Asian,0
69,97539,7011,424,10,0.4359053488235148,Male,Black,0
66,63585,49014,612,23,0.22680575221675153,Female,Asian,1
66,46958,16738,757,21,0.7587401244331944,Male,Black,1
69,46017,33797,529,25,0.6739712854684602,Male,Hispanic,0
29,96707,16120,496,12,0.5778988061062388,Male,Asian,0
56,144677,13767,722,0,0.06239509312752727,Male,Hispanic,1
19,65350,27852,470,23,0.08490401544721556,Male,Black,0
20,32201,18703,681,9,0.3942250766919646,Female,Asian,0
66,49426,5929,472,34,0.12857067935278854,Female,White,0
54,37778,16951,752,23,0.7826123708235793,Male,Hispanic,1
66,65241,31039,649,27,0.12681618722192756,Female,Black,0
34,62229,34504,793,35,0.3899742683711792,Female,Asian,1
66,106652,22438,303,15,0.29129684547320434,Male,Hispanic,1
19,148267,10744,392,39,0.5115091371632784,Female,Asian,0
19,138402,23284,305,15,0.10322912711153993,Female,Hispanic,0
45,68364,47417,587,16,0.34425314243391275,Male,Hispanic,0
40,118833,44748,445,14,0.21976402624571492,Male,Hispanic,1
54,146503,12069,723,15,0.7102012197373505,Male,Asian,1
49,149044,47359,756,14,0.03246856970775607,Male,Asian,1
50,104878,24799,501,33,0.7309819952051675,Male,Hispanic,1
18,77056,38210,511,10,0.6663953108424003,Male,White,1
36,47490,33226,305,0,0.23805657315265238,Male,White,0
19,147769,9652,675,14,0.6314325237416838,Female,White,0
61,39975,29323,746,25,0.024970848270998047,Male,Black,1
43,46723,47138,405,3,0.773492440234715,Female,White,0
49,43279,12597,700,4,0.4212759540718315,Female,Asian,0
23,98301,42226,395,34,0.24262482085235623,Male,White,1
49,132214,11591,687,12,0.29006657007574166,Female,Asian,1
21,31561,30833,751,9,0.053124282768397896,Female,Black,0
28,127435,16826,715,10,0.7914796112336314,Female,Asian,1
34,86061,31417,803,17,0.031433556120553964,Male,Asian,1
55,108397,23693,753,33,0.5239256985182873,Female,Asian,1
41,69153,19138,590,38,0.35418874216516666,Female,White,0
22,53142,7169,833,22,0.7591329745509721,Male,Hispanic,0
69,46916,23556,492,6,0.19679979224543614,Female,Asian,0
51,84324,27052,449,38,0.4256694591504091,Female,White,0
23,64965,11313,814,2,0.3858849668662024,Female,White,1
39,145932,13315,692,11,0.562293155240081,Female,White,1
28,24648,13036,615,6,0.05440818556193641,Female,Hispanic,0
65,55133,36778,375,25,0.1550313040186839,Male,Hispanic,0
33,70677,32734,569,32,0.17165185607427988,Female,Hispanic,0
50,116059,28173,524,36,0.5905206038733518,Male,Hispanic,0
26,114588,35403,829,14,0.15131095706139208,Female,Black,1
23,119950,5785,412,1,0.4587934111127814,Male,Hispanic,0
33,118317,11139,550,6,0.17219505640076296,Male,Hispanic,1
46,90135,11344,532,31,0.6892999600671827,Male,Hispanic,0
20,55046,23800,382,3,0.7537483635917108,Female,Asian,0
37,67064,30372,424,19,0.41479437995379237,Female,Asian,0
53,121459,25538,474,35,0.28184710736734264,Female,Hispanic,0
36,126625,19973,368,31,0.18724622001399932,Female,Black,0
43,89350,10619,346,27,0.03982480121843501,Female,Asian,0
20,65893,39704,555,12,0.2148000609579963,Male,White,1
36,121520,41575,329,0,0.5233886239562543,Male,Asian,0
37,145818,44919,580,34,0.4268935450473687,Male,White,1
49,81272,47261,536,29,0.755233022624742,Female,Asian,0
24,112152,32716,547,35,0.3170218099933605,Female,Hispanic,0
69,142907,8236,667,24,0.5550906738627156,Male,Asian,0
58,87649,20848,794,15,0.3914581979800971,Female,Hispanic,1
50,84674,7352,324,18,0.41006097273936937,Female,Hispanic,0
57,144132,6932,789,0,0.214219451683294,Male,Asian,1
56,139044,15913,793,4,0.36396062147359975,Male,White,1
35,128542,13556,613,21,0.37662799761016585,Female,White,0
57,33760,26300,674,23,0.5653140173991472,Female,Asian,0
18,41927,10498,324,36,0.7525119993488911,Male,Hispanic,0
28,106475,15582,633,35,0.26345702198600346,Female,White,1
45,81367,14569,654,35,0.03376037486503876,Male,Black,1
42,117955,9857,415,3,0.3970361004005118,Male,Hispanic,0
67,32588,5340,347,35,0.4355690657193349,Male,Asian,0
40,141750,48949,398,17,0.1347524409055322,Female,Hispanic,1
48,121678,21766,758,15,0.6083716850208534,Male,Black,1
47,124734,31132,822,17,0.7879432867531934,Male,Black,1
59,138154,13491,704,21,0.7566197736067688,Female,White,1
52,72233,5138,513,1,0.15768483105892175,Male,Black,1
24,64738,5358,802,20,0.7002905919206086,Female,Hispanic,1
33,53397,14714,747,35,0.5635949091293478,Female,White,0
43,102189,24840,557,38,0.3630772510455293,Female,Black,0
65,96367,39395,420,38,0.43248879545978325,Male,White,0
69,144873,35654,353,28,0.6796801399859665,Male,White,0
66,91260,30879,630,25,0.38410795171069856,Female,Asian,0
19,140585,20996,540,20,0.2985658952841015,Female,White,0
18,96619,42772,829,16,0.3945979944207887,Female,White,1
65,131453,31762,782,15,0.4633038432280393,Male,Black,1
29,39816,18283,486,30,0.15126212302267908,Female,Hispanic,0
22,62240,44420,561,8,0.7207261842135926,Female,Hispanic,0
54,26276,24554,663,30,0.5393495590636911,Female,Black,0
49,133939,25219,790,13,0.5066151338699911,Male,Hispanic,1
26,124199,39919,730,36,0.07959698094451051,Female,White,1
58,99530,14429,538,1,0.48333915053807347,Male,Asian,0
52,43499,49695,603,13,0.09676852979079387,Male,White,1
36,108576,44673,597,32,0.06295814015631924,Female,White,1
65,128856,24218,375,34,0.42184871651391465,Female,Asian,0
33,102495,17452,632,38,0.322228427237196,Female,Black,0
20,141717,23951,773,19,0.4710482161249786,Male,White,1
37,91635,6307,582,1,0.07137773444579087,Male,White,1
41,127803,19852,371,18,0.34478645027780674,Male,Black,1
50,105112,30232,562,36,0.1398293720361264,Female,White,1
41,55946,40428,311,17,0.7896800687392933,Male,White,0
69,75204,48171,440,15,0.44892016994813955,Female,Hispanic,0
28,71886,31485,316,3,0.5499494887526939,Female,Black,0
66,91652,15238,362,11,0.26033462454608625,Female,White,0
25,35563,43975,552,28,0.07579113182347533,Male,White,1
53,112324,6140,764,6,0.7806966902268293,Male,Asian,1
55,112464,29842,675,13,0.22900722830654657,Male,Asian,1
57,121872,31421,819,11,0.33904654813885937,Female,Asian,1
37,29847,6708,389,34,0.51989113736206,Male,White,0
52,46155,8630,474,4,0.01975783814888903,Male,White,0
65,99671,24595,375,16,0.6482073044138296,Female,Asian,0
42,136891,15485,699,31,0.42926255202289626,Female,Hispanic,0
52,103310,33308,370,9,0.22257374965505772,Male,Hispanic,0
42,87278,49789,479,16,0.0492863882339754,Female,Hispanic,1
46,38309,31086,423,4,0.12999873237955314,Male,Hispanic,0
35,20619,21859,680,8,0.7160270870827495,Female,Black,0
63,103194,12684,592,32,0.5488193791487128,Female,Asian,0
35,70108,30552,494,35,0.19992137730951187,Male,White,1
19,54707,6207,527,35,0.05248061195602363,Female,Asian,0
52,40337,6960,730,17,0.5524922499093091,Female,Hispanic,1
33,145261,5557,735,8,0.4579261807742121,Female,White,1
58,101537,34689,760,28,0.323615619566588,Male,Black,1
53,86504,18893,320,13,0.29088915935205106,Female,Asian,1
50,67614,37272,363,24,0.17345142074328665,Female,White,0
21,111428,5882,464,14,0.5356890052300142,Male,White,0
50,111155,42529,326,5,0.7765344222350965,Male,Hispanic,1
31,20281,43635,610,28,0.1405721966694607,Female,Hispanic,0
38,47420,34535,584,14,0.47769329601240273,Female,Asian,0
65,100896,17869,580,28,0.339348044596781,Female,Black,0
37,59030,12166,463,3,0.35735097739573196,Male,White,0
25,21058,17982,523,17,0.20331782410225152,Female,Hispanic,0
24,106213,45697,445,38,0.6601079005291353,Male,Asian,0
20,96260,43115,329,15,0.3882044833177929,Male,Hispanic,0
34,48404,12269,344,10,0.4347246817586113,Female,Asian,0
50,123482,33064,770,13,0.24380873023786062,Female,Hispanic,1
65,125284,18527,333,2,0.1454467725335598,Male,Black,1
29,49856,7454,726,37,0.0687283105622564,Female,White,1
68,29200,25878,520,17,0.5712953127399327,Female,Hispanic,0
39,84178,17991,833,19,0.1569874253502845,Male,White,1
39,53997,7808,666,24,0.5520602833510382,Female,Asian,0
63,45611,44410,849,37,0.3123011568375631,Male,Black,0
47,139273,41593,415,12,0.3326198407917212,Female,White,0
55,61235,41304,538,3,0.3753419968742174,Male,Hispanic,1
55,137428,35386,634,13,0.2941668065020346,Male,White,1
62,55057,8802,740,32,0.08049598177807207,Female,White,1
68,21239,33753,447,27,0.24770544800227665,Male,Asian,0
25,123674,26083,308,36,0.5309874885551508,Male,Black,0
44,134474,23354,587,7,0.5326275211750968,Female,Black,0
44,85661,27190,687,33,0.2289794457919955,Female,White,1
51,146945,11142,349,4,0.3680821012461504,Female,White,0
38,65272,33398,816,4,0.15475778240955,Male,Asian,1
47,109393,46862,577,30,0.16829766522386863,Male,White,1
50,81212,38132,599,8,0.01843767072528593,Male,Asian,1
45,144088,24503,434,31,0.7173972399261958,Female,Black,0
64,35398,39631,446,32,0.16856533205992497,Male,Black,0
50,140030,21499,789,2,0.18202710154917068,Male,Asian,1
22,76503,44852,777,29,0.22368114611610546,Female,White,1
65,26638,13016,458,11,0.1019264573563432,Male,Black,0
36,26570,7384,683,28,0.5114103065450902,Female,Hispanic,0
21,88785,20072,462,2,0.060114362542069255,Female,Asian,0
52,29110,41703,740,25,0.10736194106108021,Female,Black,0
66,125899,19482,488,29,0.5158053812720743,Male,Black,0
34,99141,45510,714,8,0.27172849638515423,Male,Black,1
61,32115,26826,638,25,0.5663582613609512,Male,Hispanic,0
45,59062,7490,480,1,0.44593979573611364,Female,Hispanic,0
47,42911,30518,587,2,0.20481693844921045,Female,Hispanic,0
46,124061,29045,486,3,0.5206623603914625,Female,White,1
63,52556,31910,437,24,0.09301894423430453,Male,Asian,0
23,98131,29566,429,12,0.42912830646402433,Male,White,0
52,148335,38905,493,38,0.34971848403602773,Male,Hispanic,0
58,21969,32103,615,34,0.21429886625395264,Male,Asian,0
54,63753,41188,443,22,0.4832039981916001,Male,White,1
41,102811,10845,315,8,0.6970668738722261,Female,White,1
46,24470,26162,601,1,0.7991237598104615,Male,White,0
66,141863,41674,722,30,0.4862102149947396,Female,Hispanic,1
63,30225,24337,544,1,0.32376469946333614,Female,Black,0
48,127860,27313,406,31,0.1801656801729613,Male,Asian,1
52,143008,31943,387,17,0.2056768715160894,Female,Hispanic,0
50,127510,17413,428,12,0.38356398251981255,Male,Asian,0
69,128295,5276,640,4,0.29382216102456743,Male,Hispanic,0
38,43196,22611,303,9,0.7310516180999554,Female,White,0
49,125823,44105,626,24,0.2946363741245676,Male,White,1
40,33669,16944,709,33,0.2987556729163484,Male,Black,1
50,57380,20906,605,36,0.3068276099471816,Female,Black,0
20,144398,25536,524,29,0.6692961682941265,Female,Asian,0
35,130677,32810,647,6,0.5206306566775215,Female,Black,0
42,135886,17306,620,5,0.4913350802551142,Female,Black,0
59,146753,15503,480,2,0.26731441790708976,Female,Asian,0
48,68320,24225,685,12,0.6543233414659516,Female,Hispanic,0
20,67414,41976,407,2,0.030691089084560908,Male,Black,1
57,123542,16590,830,25,0.6966377378704905,Male,Hispanic,1
63,35577,15886,709,23,0.4101999198351437,Male,White,1
41,145354,17866,595,5,0.3186001878907303,Female,Black,0
67,108009,6088,470,11,0.3977338245741486,Male,White,1
49,146365,8363,630,35,0.5339324244270649,Female,White,1
64,75409,37792,792,1,0.01021234121431789,Male,Hispanic,1
39,48625,14764,494,10,0.6972414851665982,Female,Asian,0
40,101040,25620,311,38,0.3573916202491143,Male,Black,0
19,44089,47727,494,33,0.27437321576006257,Female,Hispanic,0
44,56487,17935,789,25,0.11059645250724569,Female,Asian,1
59,85838,13068,481,17,0.3515722994867537,Female,White,0
19,116999,12295,615,20,0.3970582170275031,Female,Black,0
43,130448,46160,329,35,0.32291735559478224,Male,White,0
34,114795,16390,395,39,0.5429280750615176,Male,White,1
57,70138,46216,680,21,0.33671722300738083,Female,Black,0
50,62823,25131,743,29,0.7691340622772587,Female,Asian,1
26,57208,34218,597,29,0.4794220142588735,Female,Asian,0
60,74061,15433,660,7,0.6459823485215272,Male,Black,0
65,50659,20038,673,33,0.08748472248758309,Female,Black,0
56,149824,33182,602,8,0.3178330343567246,Female,Hispanic,0
46,121376,16528,720,19,0.26947816115772216,Male,Hispanic,1
59,51890,26281,545,39,0.45558591050927344,Female,White,0
43,99134,13605,536,24,0.6888908160491405,Female,Black,0
52,67055,39782,833,18,0.06267057420960534,Male,Asian,1
67,132269,6381,484,4,0.05805983843576863,Female,White,0
42,39508,6098,767,10,0.6802541665260792,Female,White,0
41,62287,24810,662,14,0.17028006883068594,Male,White,1
30,98916,29322,582,7,0.535002603559851,Female,White,0
24,46984,46869,635,18,0.43430250588864416,Male,Asian,0
53,130169,37955,461,22,0.6663148759097837,Female,White,0
62,28125,49716,459,26,0.10007112786912283,Female,Black,0
37,56059,15207,773,39,0.10382637257808902,Female,Hispanic,1
18,89569,26793,621,31,0.44545468822264606,Female,Asian,0
25,123409,7092,311,25,0.7571029226866968,Female,Black,0
63,37087,33220,723,26,0.3319982066966034,Male,Black,1
33,126437,23514,372,18,0.26155368020375597,Female,Black,1
31,135262,43010,500,28,0.4853514585583087,Female,Hispanic,0
29,25704,13549,821,38,0.7443588804360249,Male,Hispanic,1
68,80576,27031,804,32,0.669542266275699,Male,Hispanic,1
40,93384,10185,338,18,0.7963868885865759,Female,Black,0
32,107128,20271,359,36,0.018054866561901674,Male,Hispanic,1
45,131279,10776,620,18,0.0902865157702098,Female,White,1
51,92460,17449,734,32,0.48757421069329765,Male,Hispanic,1
19,47208,29297,707,15,0.6564611514670798,Male,Asian,0
49,138516,45591,685,22,0.22819547384541325,Female,Black,1
40,149612,20717,377,6,0.19136887042737502,Male,Black,1
39,105150,45123,493,25,0.6295806395049608,Female,White,0
68,86024,44233,584,31,0.04510548308258527,Male,Hispanic,1
42,59882,15350,826,11,0.2955061180660681,Male,Hispanic,1
39,45923,35622,823,7,0.4046473780738638,Male,Asian,1
39,146561,40323,455,4,0.44827893948025876,Female,White,1
66,134044,7951,639,27,0.5828921254342215,Female,Asian,0
69,121477,22622,424,4,0.2838765787445266,Male,Asian,0
59,49165,9727,579,25,0.49014747573968576,Female,Black,0
23,87203,43454,427,4,0.46830033823276507,Female,Black,0
32,111749,41469,613,21,0.4380928805229977,Female,Hispanic,0
60,24114,40548,631,14,0.5123866345137698,Male,Hispanic,0
54,84965,28782,449,12,0.20755933685446104,Female,Asian,0
50,56321,33454,753,27,0.06771900286770319,Male,Hispanic,1
25,93297,7368,335,32,0.09541733763179475,Male,Asian,1
61,116652,20592,719,22,0.17966590612312086,Male,Hispanic,1
61,119304,27173,321,32,0.4001583484182282,Male,Hispanic,0
22,133942,38204,505,17,0.6723542004368162,Male,Black,0
56,45426,40596,655,29,0.5610346736707074,Female,Black,0
21,37772,39324,739,25,0.6312324833616377,Female,Black,0
23,123754,28864,395,15,0.2807804991408731,Male,Black,1
62,23712,35750,463,12,0.32372299331884014,Female,White,0
49,21367,15576,447,38,0.3149455087924903,Female,Black,0
69,126493,21566,829,32,0.15349854752360123,Female,White,1
47,127317,12190,593,25,0.04897332651485762,Female,Black,0
64,135142,28071,494,0,0.47273287426178145,Female,Hispanic,0
52,111736,43333,779,37,0.791373346736469,Female,Asian,1
57,71924,20369,422,1,0.13346376396021029,Female,Hispanic,0
69,23726,29035,699,5,0.037347855919419005,Male,Hispanic,0
33,109152,6589,751,37,0.6236253454591464,Male,White,1
30,47723,30235,403,23,0.20206880534777938,Male,Black,0
67,146969,5159,761,17,0.6637150442823427,Female,Asian,1
59,123110,17145,695,26,0.5631493336276123,Female,Asian,0
47,120494,20373,636,7,0.7565388296406437,Male,Black,0
36,29108,36921,441,27,0.3271417886053376,Female,White,0
34,97714,44323,616,9,0.5295758715605073,Female,White,0
36,55643,21237,826,16,0.3718838246506166,Male,White,1
45,51324,46971,700,28,0.5044709578468348,Male,Asian,0
43,123896,13244,609,5,0.3596791248061899,Male,White,0
54,103360,19743,794,13,0.1509057971392599,Female,White,1
43,130896,36566,408,21,0.40631793280270473,Female,Asian,1
40,28927,23691,671,5,0.4228673611499539,Female,Asian,0
26,113680,38996,505,25,0.6484830786081289,Male,Hispanic,0
29,116546,10590,342,38,0.588416564634865,Male,Asian,0
18,42443,10585,544,11,0.5310332991531553,Female,Black,0
18,99973,14227,586,34,0.09070967644205803,Male,Asian,0
64,83449,33278,654,13,0.5764930325309721,Male,Asian,0
51,129834,43814,775,21,0.40024412508361185,Female,White,1
49,125314,17237,382,22,0.7152796288849275,Male,Hispanic,0
65,96743,20649,409,6,0.7358967473044342,Male,White,0
42,141805,42713,489,39,0.04412527248142837,Male,Hispanic,1
57,80233,12927,550,24,0.656513248283583,Female,White,0
62,45537,12016,590,12,0.030157912338136496,Female,Black,0
18,121293,19027,500,20,0.2937357005560181,Male,White,1
33,97576,29142,625,9,0.43383998049686334,Female,White,0
56,127522,28545,810,8,0.11848063890170196,Female,Black,1
22,42612,36897,708,14,0.5970510500552615,Female,Black,0
39,113977,8167,807,1,0.006683763337710858,Male,Asian,1
46,26471,49757,371,24,0.13487923874722949,Female,White,0
20,55631,31917,546,12,0.4646374638827806,Male,Black,0
29,148449,27736,643,33,0.5715100496298339,Male,Black,0
43,128997,32990,353,33,0.733314482155133,Female,Asian,0
33,112059,19087,827,34,0.5643973215476991,Male,Hispanic,1
68,51348,27440,831,37,0.5374234162038928,Female,Black,0
54,84732,40205,492,2,0.3154729170805315,Female,Black,0
39,21177,20275,357,5,0.001027540421441131,Male,White,1
46,24760,10276,736,18,0.09612740698849756,Male,Asian,1
31,52779,46627,410,2,0.42764363580483133,Female,White,0
45,41636,45586,428,17,0.5401039086755358,Female,Hispanic,0
22,101889,42496,625,38,0.33395862711717,Female,Asian,0
64,73551,24008,307,8,0.5845432092227122,Female,White,0
66,31556,10738,328,11,0.41748983626574304,Male,Black,0
47,47598,37402,411,4,0.05934095647544977,Male,Black,0
63,31563,10793,430,2,0.15361300077435908,Male,Asian,0
69,66819,42291,487,10,0.6719985785951543,Female,Black,0
22,129326,10571,774,29,0.5799301972995516,Male,White,1
29,93770,36331,663,3,0.7158095896099961,Male,Asian,0
33,111055,21209,503,4,0.09404579929674926,Male,Black,0
43,46966,30394,511,0,0.7921780276920591,Male,Black,0
43,140133,48148,575,26,0.1675253711599469,Female,Hispanic,1
65,101709,30682,372,27,0.009423901029313609,Male,Hispanic,1
38,79889,7224,542,28,0.7979383512428434,Male,Asian,1
56,46987,46157,401,17,0.22485910835609052,Male,Hispanic,0
53,98714,49452,470,11,0.5344155620100479,Male,White,0
50,124874,48408,487,12,0.14134585134104416,Female,Black,0
47,78348,37441,740,1,0.4641828257593134,Female,Black,1
54,44596,46430,385,36,0.7232279891636475,Male,Black,0
40,53174,44129,775,15,0.2561449339427509,Female,Asian,1
27,84106,39716,351,23,0.5362031808354873,Female,Asian,0
22,127510,49859,410,34,0.1503228710387332,Female,Hispanic,0
53,89967,31586,342,21,0.4998363189749802,Female,Black,0
51,79182,49760,510,35,0.2691602814540081,Male,Black,0
69,113300,28478,499,10,0.16896660687036136,Female,Black,1
48,107163,11318,325,28,0.2505456405629081,Female,Black,1
27,59310,33694,598,34,0.1430728548062395,Male,Black,1
36,76088,25180,376,14,0.7215328862703063,Male,White,1
49,148803,17180,436,30,0.3177495090537031,Male,Black,0
18,28906,38002,319,15,0.19622344397949387,Male,White,0
22,56914,20372,739,9,0.3587262728127463,Female,Black,0
62,130350,34796,510,31,0.25642893344519646,Male,Asian,0
21,65379,29427,734,1,0.5955354030506608,Female,Asian,0
33,98612,38290,506,23,0.7769759295083956,Female,White,1
41,134828,33099,738,22,0.3504269253581175,Male,Black,1
33,147445,14821,341,1,0.6888267199777923,Male,Asian,0
19,57650,10832,710,37,0.45269045884769565,Female,Asian,0
66,66881,17820,822,30,0.1257885320753868,Female,Black,1
45,66413,21211,726,39,0.5524981936650732,Male,Black,1
49,26012,44890,574,25,0.4107475977006561,Male,Asian,0
44,70115,10842,747,28,0.5204852186016827,Male,Black,1
37,27151,6316,668,2,0.711749930057332,Female,Hispanic,0
41,77716,22508,519,13,0.3523476565248369,Female,Black,1
29,113747,27005,531,24,0.7209420985738846,Male,Asian,1
67,112653,20206,627,0,0.600535211425324,Female,Asian,0
52,56378,23971,742,2,0.39088394070238786,Male,White,1
50,62652,30599,351,25,0.48257770852637094,Female,Hispanic,0
50,92430,27056,675,17,0.26046490601520916,Female,Asian,1
68,33467,6378,562,8,0.7868778397910194,Male,Hispanic,0
60,51010,6519,566,37,0.5338809304403168,Male,Black,0
54,148647,27161,658,22,0.03507748199730392,Male,Asian,1
29,141999,45703,616,20,0.261297524598407,Female,White,0
20,134793,43861,623,0,0.498651547007246,Female,Asian,0
18,74691,10355,720,20,0.04506662223939184,Male,White,1
50,84157,14083,345,26,0.019107353055314216,Female,Hispanic,0
57,128177,43342,568,5,0.36001939162224206,Male,White,0
27,32289,25456,680,35,0.26615214375413604,Female,Black,0
60,64976,18324,417,27,0.35063888642653274,Male,Black,0
61,63596,7257,415,16,0.21015464790400415,Female,Black,0
46,43171,32364,559,39,0.13177419755438474,Female,Asian,0
30,120441,29972,374,2,0.5513146855842702,Female,Black,0
29,146296,31654,779,11,0.4116568930142404,Female,Black,1
48,106365,20233,604,38,0.16012336899949348,Male,Asian,1
63,138218,20887,306,11,0.25567154100799866,Female,Hispanic,0
19,119590,34320,665,1,0.47344632613066073,Male,Black,1
68,134014,25808,822,21,0.057783478617982276,Male,Black,1
67,64139,35154,647,22,0.11796240741294364,Male,Asian,1
52,68713,39773,737,29,0.0585964832859121,Male,Hispanic,1
40,49734,32747,514,4,0.6498538661712951,Female,Hispanic,0
34,92588,15860,728,8,0.6019273865696074,Male,Hispanic,1
43,83646,47838,797,20,0.6026503455034057,Female,Asian,1
25,23654,47156,839,10,0.5730602747808224,Female,White,1
46,109022,23156,666,4,0.5355083389358953,Female,White,0
43,38743,25360,612,34,0.38159353230254,Female,Black,0
27,68368,23135,837,26,0.513822530805692,Male,Black,1
43,110025,30351,353,1,0.03068924383037972,Female,Black,0
51,94172,35499,840,23,0.4971715381254277,Male,White,1
68,26441,28554,766,30,0.6223021644295018,Female,Asian,0
58,139735,24604,463,32,0.4002866883075122,Female,Black,0
24,44611,21923,633,38,0.28601066274178955,Male,Asian,0
21,139891,13547,846,29,0.22194138784078332,Female,Black,1
67,127971,49283,647,36,0.514241640129666,Female,Asian,0
62,32149,38002,572,27,0.554240958903927,Female,Asian,0
28,120102,19562,713,30,0.6967740798900341,Female,White,1
46,79189,12480,799,10,0.2738672659687926,Female,Asian,1
53,127904,31672,392,22,0.6158178459084684,Male,Hispanic,0
42,41675,9213,378,1,0.44908465935147035,Female,White,0
38,91031,15293,516,39,0.7062691925424633,Female,Black,0
53,62668,39441,657,26,0.42224968663649665,Male,White,0
27,33673,7100,806,34,0.4141038627183738,Female,Hispanic,1
54,149582,49617,480,1,0.4623016651527273,Male,Hispanic,1
26,96666,33172,545,38,0.5994522841139476,Female,Asian,1
41,108204,25132,543,36,0.7717523830627688,Female,Hispanic,0
52,100758,23199,805,20,0.058850683372612525,Male,Hispanic,1
66,85429,41609,721,4,0.04274768191281373,Female,Hispanic,1
52,43669,47965,619,20,0.7500402699258708,Female,Hispanic,0
65,54068,13016,386,28,0.4239005004145649,Male,Black,0
53,108789,44779,516,19,0.4919224116535489,Male,Black,0
35,29435,42261,789,37,0.38593888127578313,Female,White,1
66,114088,36881,818,19,0.0749259620859796,Male,Asian,1
56,72249,22058,577,24,0.6144715027349332,Female,Black,0
49,57384,29472,468,1,0.5977797160708695,Male,Hispanic,0
41,148782,46346,629,31,0.2493626571942496,Female,Asian,1
40,101929,39926,740,25,0.24499139618272034,Male,Black,1
49,147959,39832,690,5,0.6702731047244148,Male,White,1
54,96153,41021,795,2,0.0578858061930613,Male,Hispanic,1
29,124056,29087,680,32,0.7048841186852527,Male,Asian,0
66,95388,17828,605,0,0.20532935191673155,Male,Black,1
30,51401,36128,812,4,0.47438779820439514,Male,Asian,1
40,145511,6401,487,12,0.7487953432014223,Male,Black,0
42,91831,24643,815,18,0.5424980012293171,Male,White,1
52,139503,20193,726,11,0.3315438499736293,Male,Hispanic,1
58,135760,31853,801,24,0.5516273671243321,Female,White,1
47,121529,49864,559,34,0.27518370905309614,Male,Hispanic,0
34,147834,25307,812,11,0.22180673307934892,Female,Hispanic,1
66,54084,41982,370,29,0.7973466223477438,Male,Asian,0
37,140387,24611,777,4,0.6006321849438302,Female,Black,0
65,130641,48791,477,33,0.5157759819054542,Female,White,0
42,125111,16950,756,21,0.28423171457545504,Male,White,1
39,75826,15704,488,38,0.03932866332403853,Male,White,1
30,56451,48111,590,12,0.024845500828124492,Female,Asian,0
36,27227,16867,819,2,0.44334500435903906,Female,Asian,1
66,51910,7745,591,19,0.6096261768312409,Male,Asian,0
53,56041,8866,582,30,0.4299033523550841,Male,Hispanic,0
29,108920,37245,843,4,0.6726280575512917,Male,White,1
58,85681,49724,676,23,0.026741226474577308,Female,Hispanic,1
36,123314,10818,455,39,0.2934016611407521,Male,White,0
29,101571,35116,807,32,0.18965631293934246,Male,White,1
26,85481,20493,712,7,0.35781837452569765,Male,Black,1
24,88576,33038,827,23,0.057901114555297985,Male,White,1
45,127958,25447,654,19,0.7633053132568581,Male,Asian,1
31,149265,35431,486,15,0.17860432085548875,Female,Asian,1
48,147556,22908,330,11,0.7378462203868679,Female,Asian,0
69,84174,34336,559,12,0.34071452402934543,Male,Black,0
36,46160,45992,720,38,0.7884193066041745,Male,Black,1
64,135170,9025,828,24,0.44324670676816863,Female,Hispanic,1
33,137867,25093,603,31,0.744666291340646,Male,White,1
22,37633,11155,338,23,0.004279190955378276,Female,White,0
52,114880,38487,788,8,0.5985910449447202,Male,Asian,1
29,37014,25963,841,39,0.7224405224820124,Female,Asian,1
42,100532,25936,577,22,0.11177645358316327,Female,Asian,0
69,69104,9426,502,12,0.0769006813857212,Male,Asian,0
38,61621,28303,365,31,0.3396580857487645,Female,Asian,0
53,97231,32606,407,14,0.7469431249063482,Male,Asian,0
40,88388,33151,567,35,0.433909248152351,Female,White,0
33,36014,18767,521,4,0.42196517097738573,Male,Black,0
56,112578,16308,829,21,0.1129008946394575,Male,Asian,1
62,53755,49245,389,15,0.0006316088745750292,Male,White,0
59,60390,29770,554,9,0.648112072596369,Female,Asian,0
56,43711,33572,754,23,0.07005965038899058,Male,Hispanic,1
31,111658,46448,552,17,0.5070798549882592,Male,Hispanic,0
48,77993,7204,556,17,0.7316931636121532,Male,White,1
22,94696,32233,682,6,0.16692153052674483,Female,Black,0
52,47213,26729,741,3,0.5322182689895286,Male,Hispanic,0
40,135788,36131,389,25,0.06295886136600758,Female,Hispanic,1
46,124956,38870,689,4,0.4830041150700904,Female,Black,0
60,77784,43011,343,15,0.1311453767625622,Female,Hispanic,0
28,27421,44382,318,34,0.5887628484121424,Male,Asian,0
35,106936,46475,400,25,0.24098503583512657,Male,Black,1
64,119073,26607,656,17,0.370712807043717,Female,Hispanic,0
29,37727,29968,841,28,0.47954443362209737,Male,Black,1
26,132418,38398,332,22,0.13701872853299166,Male,Asian,1
27,24358,16908,528,13,0.5933102548940967,Female,Hispanic,0
61,85108,31423,823,14,0.24211227250945166,Female,White,1
34,146609,48615,454,32,0.5298974879302029,Male,Hispanic,1
55,114018,14171,722,24,0.12662644055949893,Female,Hispanic,1
24,144457,17721,545,20,0.5504941273650802,Male,Asian,0
63,52117,21616,704,16,0.10255045824836939,Female,White,1
30,108700,47512,840,22,0.3402851970159869,Male,White,1
57,51910,43458,460,16,0.19776485899110147,Male,White,0
59,146888,12659,416,13,0.598700199542546,Female,Asian,0
26,118032,48369,570,28,0.20962800360549966,Male,Asian,0
67,75754,16704,786,19,0.7053738451163171,Male,Asian,1
44,82438,37793,471,29,0.7134561691252903,Female,Asian,0
19,129847,36226,573,18,0.1571530521782287,Male,Asian,1
22,49371,28852,558,38,0.49107675600617945,Male,White,0
46,71501,37082,434,12,0.07017411337597146,Male,Black,1
54,80946,27794,721,17,0.3132296796813034,Female,Asian,1
55,58467,46420,720,22,0.5706573836010178,Female,Black,0
36,37625,18379,485,32,0.527538597479933,Female,Hispanic,0
25,53893,12006,663,38,0.4997605355252864,Female,Hispanic,0
65,96329,13682,677,39,0.22603269092995487,Female,Asian,0
62,51007,38840,822,17,0.30241995954752166,Male,Hispanic,1
18,111302,37430,495,8,0.08235691576022895,Male,Black,0
39,59532,28091,397,32,0.5752182563468808,Male,Hispanic,0
69,74253,37983,321,31,0.40311103743301885,Female,Hispanic,0
34,32323,28989,749,16,0.5670125058765237,Male,Black,1
24,131335,14915,471,18,0.19915481983749822,Female,Hispanic,0
42,132356,47552,682,26,0.259550582908053,Male,Asian,1
62,130944,23990,433,5,0.26737226980809176,Female,Black,0
21,93379,29734,725,34,0.02059392779777296,Male,Black,1
53,34210,19824,324,36,0.27283829826449885,Male,White,0
23,36456,41081,802,33,0.6426436588144269,Female,White,0
48,51367,16033,484,19,0.7178387965997909,Male,Black,0
36,74624,47736,384,24,0.414574652508742,Male,Black,0
61,30106,21241,443,3,0.3644013561753762,Female,White,0
56,123493,10939,711,9,0.024659694959496204,Male,Asian,1
44,88008,40063,523,9,0.7033634700683061,Male,Hispanic,1
27,145926,39464,519,23,0.010408170740698176,Female,Hispanic,0
43,135395,16185,478,20,0.7558000641681695,Female,Hispanic,0
36,136492,32045,732,10,0.39137299895047256,Female,Black,1
56,92240,49769,564,26,0.2735475948597813,Female,Asian,0
20,84315,24167,728,15,0.7393747478741282,Female,White,1
62,89249,41412,715,25,0.01951279448807739,Male,Asian,1
30,90587,26625,752,29,0.4651399158952697,Female,Asian,1
67,30756,44188,496,15,0.4391460195994701,Female,Hispanic,0
45,88011,32076,352,6,0.17545632096910568,Male,White,1
37,56378,49605,779,15,0.34310994508016845,Male,Asian,1
45,24255,24029,742,34,0.5218112047550162,Male,White,1
25,34484,27973,629,15,0.5817049575055421,Male,Black,0
58,145703,44121,550,39,0.0005734869652638253,Male,Hispanic,1
56,76549,36433,422,11,0.7494827440728122,Female,White,0
18,54503,48309,686,34,0.13162029791424992,Male,Black,0
20,144465,6932,638,20,0.18686434737788737,Female,Black,0
30,93794,49254,647,35,0.2107787565550786,Male,Black,0
45,145941,6757,328,16,0.03025610924162825,Female,Asian,1
66,126283,35722,334,31,0.09844169887225994,Male,Asian,1
42,120732,42853,817,5,0.7890799383553296,Female,Hispanic,1
50,65113,43405,695,23,0.25217338990182886,Female,Hispanic,1
55,125730,6116,593,26,0.09224087227123948,Female,Black,0
23,94069,48527,648,19,0.08559300893969866,Female,Hispanic,1
61,118117,16691,446,24,0.5755679741359775,Female,Asian,0
62,25249,5492,366,1,0.6836549312261128,Female,Hispanic,0
49,145654,32882,819,8,0.2055618396067759,Female,White,1
62,139979,13811,421,27,0.016727609868187977,Female,Asian,0
64,39201,32808,639,37,0.17847201475628466,Female,Black,0
38,145541,29272,474,2,0.04521255263740587,Female,Black,1
33,78576,33399,750,19,0.08271594930403321,Male,Hispanic,1
38,138562,11474,435,5,0.3452064958781139,Female,Asian,0
28,145281,31956,315,38,0.18393469668930607,Female,Black,0
54,29686,47506,632,32,0.4127567028203387,Male,Black,0
53,132413,18979,494,0,0.2027950026057523,Female,Asian,0
52,73363,49523,795,36,0.7524298408823582,Female,Asian,1
36,117543,47565,308,5,0.7247551743410117,Male,Black,0
37,20661,33328,633,33,0.45344488400837285,Male,Hispanic,0
35,64843,17867,632,14,0.2835391935899089,Female,Hispanic,0
64,115673,30851,626,25,0.30491750562778847,Male,Hispanic,1
58,80963,36279,314,13,0.3294818265155976,Female,White,0
66,133092,35527,525,6,0.5820634577079552,Female,Asian,0
31,62828,12866,724,30,0.36131119641507037,Female,Black,1
32,68604,20449,707,23,0.685383957204718,Male,White,1
48,30526,15685,412,30,0.7552758287442917,Female,Hispanic,0
18,88910,28544,727,28,0.2687569227031471,Female,White,1
20,45592,10451,300,31,0.4485555851005441,Male,Black,0
33,48982,26642,565,16,0.07604522946605155,Female,Black,0
40,20207,46316,790,13,0.1603752382130872,Female,Asian,1
28,120969,44954,507,39,0.33077261336812813,Female,Hispanic,0
29,137181,43870,668,35,0.1649621727214231,Female,Hispanic,1
27,108733,36030,605,23,0.701248392630974,Female,White,0
49,118936,35873,311,26,0.12662900484727846,Female,Hispanic,1
33,144982,5619,644,24,0.3645286572424736,Male,White,0
25,145839,38650,764,31,0.4845593923679006,Female,Black,1
55,88619,30372,793,17,0.5534911265286756,Female,Black,1
29,49328,8642,667,17,0.3064554957812054,Male,Black,0
41,66479,33001,719,36,0.6952792549797828,Female,Black,1
45,128427,39064,470,25,0.45465532086234045,Female,Black,0
25,40103,34290,433,8,0.35160622435804145,Male,White,0
45,59891,19122,726,34,0.053792507241629296,Male,Black,1
53,30754,29820,324,7,0.371751574756132,Male,White,0
43,119983,7895,829,19,0.6565886726525842,Male,Black,1
25,101437,10366,489,21,0.4916328145770524,Male,White,0
67,118540,13711,440,18,0.6657299629832947,Male,White,0
45,92982,24596,614,29,0.3952093364794445,Male,White,1
45,122747,23793,743,27,0.09476936407558548,Female,Hispanic,1
54,75922,13199,618,34,0.010911876668704856,Female,White,1
58,68231,15717,740,10,0.24257563737487298,Female,White,1
53,49301,41191,391,30,0.558392377198234,Male,Black,0
44,111652,15211,478,38,0.6322079231533551,Female,White,0
34,140787,28360,355,35,0.23660226769626355,Male,White,1
26,146823,26542,454,29,0.3965231367065977,Female,Asian,0
50,82711,36312,410,22,0.3368951235472653,Female,Hispanic,0
37,61323,41435,436,18,0.3284182274811423,Female,Asian,0
30,38752,33247,531,11,0.1850789705601204,Female,Black,0
45,117912,27357,767,14,0.10909688402356671,Male,Hispanic,1
65,102205,46045,780,30,0.1573508465849705,Male,Hispanic,1
46,118452,32691,367,36,0.04426590973067688,Female,Asian,1
30,33395,17424,548,36,0.15850459345886164,Male,Hispanic,0
63,105957,23852,622,14,0.007360718100303565,Male,Asian,0
52,141237,27601,817,28,0.5018067205087826,Female,White,1
23,76273,23020,731,25,0.2531003259101463,Male,Asian,1
35,147431,13155,786,1,0.778515769141527,Male,Hispanic,1
68,111878,8583,728,19,0.1549736406210383,Male,Hispanic,1
22,24895,20515,568,14,0.2766628562476751,Male,Black,0
64,139968,41777,836,3,0.2862729269132266,Female,Black,1
42,135700,24710,447,21,0.006761196849968432,Female,Black,1
19,96559,48178,417,37,0.6713663624315672,Male,Black,0
27,30699,29532,666,22,0.02559556811545978,Female,Hispanic,0
47,85061,23601,365,25,0.7521438677833931,Female,Black,0
67,29715,9967,669,10,0.7136594808748966,Female,Asian,0
62,39169,23753,474,27,0.4284175328687709,Male,White,0
22,145436,25022,794,1,0.4348764599290337,Male,Hispanic,1
50,138413,48463,413,7,0.5230223383649251,Female,Black,0
18,36163,14135,410,28,0.3096400095479096,Female,Hispanic,0
35,139264,10722,738,10,0.5177778267182844,Male,Black,1
49,25782,32413,446,36,0.035814710950789495,Female,Hispanic,0
64,108177,32236,334,17,0.043238101879781256,Male,Black,1
66,149772,20514,608,13,0.3657843356956355,Female,White,0
28,144481,48896,837,9,0.439697840884828,Male,Black,1
38,104328,42212,313,34,0.7102541122686552,Male,Asian,1
43,135028,45386,673,8,0.08372850712631702,Male,Hispanic,0
42,55585,25331,727,34,0.6581183417551115,Male,Hispanic,1
39,50682,23060,532,10,0.16803786983365568,Female,Asian,0
44,67864,6196,739,11,0.3152669188080255,Male,Asian,1
66,149992,17297,801,2,0.2532819478619303,Female,White,1
30,104416,7787,574,38,0.3201242182923192,Male,Hispanic,0
50,75114,28816,375,13,0.12039639845806845,Male,White,1
51,147810,45695,738,27,0.402856059522844,Female,Hispanic,1
58,58067,24702,588,10,0.6413140718650938,Female,Hispanic,0
52,62685,30242,839,38,0.3532272083031176,Female,White,1
18,142262,7176,552,24,0.3924908607185593,Male,Hispanic,0
38,38073,25127,425,20,0.6790140682250514,Male,Hispanic,0
65,56035,46560,476,9,0.5648464917104247,Female,White,0
23,84977,32228,336,14,0.3923635268158278,Male,Black,0
45,122710,25208,709,18,0.20615651855134376,Female,White,1
34,110373,33482,426,21,0.7079413974759734,Male,Hispanic,0
22,103362,14171,782,20,0.4616163213524467,Male,Asian,1
48,110517,40219,467,31,0.17691808808855472,Male,Black,1
22,85450,38396,593,22,0.2152958021104083,Female,Asian,0
55,30382,47589,642,12,0.6425064711489967,Male,Black,0
20,24437,45546,609,4,0.03531644966996437,Female,Asian,0
40,90971,8696,827,3,0.7936737496230561,Female,Black,1
54,84612,25058,839,27,0.10428134377183343,Male,White,1
54,110355,25313,718,13,0.6368548203175499,Female,Black,1
27,81929,24149,743,7,0.3158202534173463,Female,Black,1
27,122411,46075,535,8,0.39377294662997353,Male,Black,0
36,117518,9956,738,34,0.7045204619716623,Female,Hispanic,1
34,118864,15195,513,36,0.3303289516713706,Female,Asian,0
38,32329,22076,384,20,0.4299950029385876,Male,White,0
31,145605,6105,384,17,0.03943972992733596,Male,Asian,1
26,45169,20417,788,32,0.001877979093962523,Male,Asian,1
63,107468,29729,364,7,0.19583989840138072,Female,White,0
18,54594,35099,363,16,0.5444664743350138,Female,Hispanic,0
68,96957,37598,642,30,0.09701191468730937,Male,Black,1
62,80631,34961,651,33,0.09100956704363955,Female,Hispanic,0
30,65033,17602,457,5,0.32876848642872264,Male,Hispanic,1
21,83133,14256,790,21,0.5182696308865812,Male,Black,1
18,93165,25584,762,13,0.5696575937983445,Male,Asian,1
66,93861,39681,524,2,0.14276053927869983,Female,Black,0
57,72290,30792,612,11,0.06367051789763396,Female,White,0
49,114031,26904,765,35,0.7523176271564354,Male,Black,1
51,51750,48361,387,11,0.2085331060496814,Male,Asian,0
45,115155,39540,602,1,0.6826771980869791,Female,Hispanic,1
48,60461,31536,734,1,0.6907931603702546,Male,Hispanic,1
25,93800,24164,434,14,0.6180180734100356,Female,Black,0
56,98222,17996,349,22,0.13506688532205607,Male,White,1
43,132020,7871,731,28,0.6574411674033603,Male,Asian,1
51,44226,27626,639,16,0.6154004473932694,Female,Hispanic,0
20,26721,15521,646,31,0.4773783920849737,Female,Black,0
67,76154,48410,646,6,0.2697616281351622,Female,White,1
29,40609,6132,544,29,0.21000688341323528,Female,White,0
18,72130,38467,408,27,0.09751136966428718,Female,Hispanic,0
61,92909,19534,832,13,0.40780565352069714,Male,Hispanic,1
22,124211,28854,389,29,0.4682087004078772,Male,Asian,1
47,75249,47998,595,16,0.2874711924126298,Female,White,0
47,68895,44065,411,31,0.3802872541446949,Female,Asian,0
34,114473,12812,476,5,0.29081156589541335,Male,White,1
65,25656,9557,642,23,0.512804845856561,Male,White,0
64,144865,7179,400,5,0.7210073662372507,Female,Black,0
40,94520,48798,700,26,0.1311362096375559,Female,Hispanic,0
32,83740,14065,327,17,0.3051270479224988,Male,White,0
54,84309,13275,836,23,0.11269488316068905,Female,Asian,1
38,49984,40948,357,36,0.4999550163262656,Male,Hispanic,0
31,138947,25700,797,23,0.5830964075908767,Male,Asian,1
19,93822,44464,596,37,0.7455301860779647,Female,Hispanic,0
28,25901,47351,433,33,0.22309754100877194,Male,Hispanic,0
68,51552,32794,630,39,0.7601689646923442,Male,White,0
56,111245,33783,548,14,0.05061013745653984,Male,Black,1
55,51055,21998,849,10,0.48241109069167054,Female,White,0
51,57685,18869,374,21,0.04570617547466398,Male,Hispanic,0
55,93965,49525,467,23,0.7150193502095559,Female,White,0
67,34716,33152,802,0,0.4238472456560433,Male,White,1
51,134099,25954,654,17,0.5354786806102368,Male,Hispanic,0
35,31138,36555,524,11,0.6652591407283621,Male,Hispanic,0
47,55298,21654,830,27,0.12024849798717502,Male,White,1
32,71112,40236,445,39,0.030873249550507076,Male,White,1
44,43429,20042,540,6,0.7031049167302817,Female,White,0
68,70200,30966,643,22,0.251946581967146,Female,Asian,1
51,91308,49314,334,20,0.10318312634173221,Male,White,1
69,68244,19270,300,33,0.37476898966966926,Female,Asian,0
55,137217,35908,452,10,0.47864486055681504,Female,Black,0
50,134055,20523,728,21,0.0247764827380081,Male,Asian,1
41,121268,24991,807,34,0.21991652660567018,Female,White,1
32,125441,15775,425,28,0.02623989942151681,Female,Black,1
47,37347,17265,790,27,0.3362683113563992,Female,Asian,0
59,36920,24459,781,17,0.7160800232529955,Female,Asian,0
68,51822,21673,644,13,0.7861219291948554,Male,Hispanic,0
34,66659,32056,520,17,0.509638042802902,Female,Black,0
22,60108,11614,324,27,0.12931015502767346,Male,Hispanic,1
46,148955,41020,827,23,0.7246795119994447,Male,Black,1
21,109099,12415,481,7,0.4129982585600484,Female,Asian,0
27,27967,28155,798,7,0.12299944968233448,Male,Hispanic,1
34,130719,48884,341,3,0.7373813355613291,Female,White,0
27,31871,21964,780,26,0.6059752405784824,Male,Asian,1
34,114299,42726,738,35,0.5853642181785212,Female,Black,1
37,97452,42044,701,4,0.5673445630355237,Female,Black,1
41,94270,42544,845,32,0.16027185687715387,Male,Hispanic,1
22,53613,37252,644,33,0.16880535336602087,Female,Hispanic,0
51,48179,8832,344,29,0.550634398741804,Female,Black,0
23,140465,30275,320,7,0.17577820008831752,Female,Asian,1
19,72188,19901,369,38,0.3509373574424391,Female,Hispanic,1
30,75099,43213,347,25,0.6256014604751532,Male,White,1
60,55262,39148,790,36,0.6271620144782728,Male,Black,0
60,98213,47633,586,33,0.36260941802068775,Male,White,0
65,137407,27918,309,6,0.6337519506201961,Female,Black,0
28,38268,24540,841,39,0.6708974369584455,Male,White,1
68,97866,16580,573,27,0.5238206010274082,Female,Asian,0
64,106269,43402,680,38,0.18274068184673614,Female,Black,1
40,80545,43578,628,38,0.21920942430843804,Female,Asian,0
33,123483,29917,778,27,0.2518729243269883,Male,Hispanic,1
48,112822,27318,314,13,0.0934432861871616,Male,Black,1
28,92146,15179,815,37,0.21852769629595611,Male,Asian,1
33,91966,17251,490,3,0.1676153794500257,Male,White,1
25,59922,24493,467,17,0.36426299984688176,Female,Asian,0
21,99364,25466,820,24,0.726750038297812,Male,Black,1
57,62913,35206,436,6,0.08358425340316647,Male,Asian,1
21,117033,24624,453,37,0.5762143391579165,Male,White,0
42,124792,31564,687,27,0.5498264035305022,Male,White,0
20,139425,27412,508,4,0.07660335893068614,Female,White,0
49,75677,32990,571,2,0.7380579239246401,Male,Hispanic,1
20,122154,40517,442,30,0.4547777617254557,Male,Black,0
44,69841,18156,368,19,0.2909804169085474,Male,White,1
46,66332,28064,546,18,0.6052308667962454,Female,Hispanic,0
49,112062,30711,560,10,0.20589236672130726,Male,White,1
67,139863,35106,378,39,0.5548078696370563,Male,Asian,0
68,115694,21589,824,2,0.031768966057797776,Male,Black,1
36,45032,28736,629,22,0.6715264300874176,Female,Asian,0
38,57846,25975,488,6,0.3585366776170548,Female,Hispanic,0
22,79474,41218,394,22,0.5093543314863535,Male,Asian,0
35,64936,12214,307,6,0.17699025584534694,Male,Asian,1
45,49794,35581,366,33,0.5416589701267583,Female,White,0
59,81588,25195,795,18,0.6177922207146214,Female,Asian,1
39,90984,49582,490,8,0.378570549507519,Female,White,0
38,70331,32127,665,17,0.4941815392494355,Female,White,0
23,114397,10141,820,24,0.36506073905791886,Female,Black,1
18,48141,33884,416,13,0.7152730954062765,Male,Hispanic,0
22,29074,29885,566,24,0.39829534441145537,Male,Hispanic,0
58,26406,7708,784,18,0.6734469672230552,Male,Hispanic,1
29,117359,23375,808,38,0.6410816466161989,Male,White,1
43,143279,20088,597,14,0.32840385707868525,Female,Hispanic,0
63,43291,49602,463,15,0.18406759348598004,Female,White,0
51,61568,15014,675,26,0.32486570604781684,Female,Black,0
66,117539,8273,567,39,0.6609739006201761,Female,Hispanic,0
31,66851,42306,848,9,0.1821060286555139,Female,White,1
43,119942,35881,373,3,0.4195490766861995,Male,Hispanic,1
62,74823,36486,807,18,0.644877398368598,Male,Hispanic,1
44,43312,17541,372,27,0.28278198010270306,Male,Black,0
26,63108,13712,607,20,0.5137677096021579,Male,Asian,0
43,86918,14168,498,13,0.19650525923905163,Male,Hispanic,0
64,54171,8551,429,32,0.08742355629452794,Female,Black,0
39,61779,17297,786,9,0.6355073800742851,Female,Hispanic,1
64,88828,48733,450,18,0.07917489872696547,Female,Hispanic,0
47,127315,32128,505,29,0.21710511606366767,Female,Hispanic,1
60,118723,7832,478,21,0.6840875375979522,Female,Hispanic,0
65,32411,33483,496,2,0.2771754296629338,Male,Asian,0
34,122821,27063,388,36,0.7784362796113289,Male,Asian,1
43,137990,27963,733,17,0.7837874678190878,Male,Hispanic,1
53,77009,18422,482,10,0.21462081636284536,Female,Hispanic,0
18,35422,37920,508,1,0.03278257779991236,Female,Black,0
25,62468,16156,792,11,0.5640506273643033,Female,Black,1
66,52371,16108,429,5,0.360789202118675,Female,White,0
52,77022,36845,312,39,0.08060227516766104,Male,Asian,1
69,91229,7800,405,28,0.5660182551824343,Female,Hispanic,0
32,119071,43078,674,29,0.02493992728953698,Male,Asian,0
64,71196,47712,398,1,0.6961573523937937,Female,Black,0
39,100354,7610,491,8,0.11092202329064299,Male,Asian,1
31,116774,17067,624,1,0.10184950299738,Female,Asian,1
43,116410,38872,766,28,0.14053783837486764,Female,Hispanic,1
45,46715,15728,666,32,0.7682130867936533,Male,Hispanic,0
40,47605,34566,617,9,0.5545354882030769,Male,Black,0
31,119853,34783,443,33,0.6410972283709094,Female,Hispanic,0
41,51174,25583,683,7,0.31810798858620243,Male,Black,0
19,29956,25238,515,36,0.26905018200396447,Female,Black,0
62,124444,12263,660,32,0.18758720542653595,Female,White,1
43,96373,6914,623,5,0.3845184226499272,Male,White,0
31,89252,28749,314,39,0.4414629868273348,Female,White,0
68,81949,24456,516,18,0.5054198749222043,Female,Asian,0
24,82646,30582,791,31,0.2056948031989556,Male,White,1
20,90017,5406,846,26,0.7589232647223926,Female,Hispanic,1
64,83037,18689,482,0,0.13580679856570868,Female,Hispanic,1
40,109818,37934,569,32,0.7725225398131299,Female,White,0
63,26548,38276,766,39,0.011884898006003031,Female,Asian,1
60,136981,41432,818,31,0.3849005534534765,Male,Black,1
64,123141,24873,841,4,0.26669427049325023,Male,Asian,1
62,93294,18050,766,16,0.35929873114420063,Male,Asian,1
35,129204,5680,604,7,0.45653166318463123,Female,Black,0
55,43177,23908,443,33,0.34847132641016726,Male,Black,0
52,44022,23504,410,8,0.331877480241276,Male,Black,0
68,126297,26644,531,22,0.5861787323306452,Male,Hispanic,0
32,140695,42125,799,34,0.5487010200691718,Female,Black,1
42,25542,6363,572,6,0.6666170256286783,Male,Black,0
54,111012,47291,472,14,0.19996718499159646,Male,Asian,1
45,116320,40060,306,19,0.4876228078032509,Female,Asian,0
27,80428,6538,454,24,0.4681558283142831,Female,White,0
56,42740,41176,821,2,0.295790248698151,Female,Asian,1
34,79353,46520,845,23,0.38884603352214475,Female,Black,1
56,110353,30675,847,33,0.251025714644583,Female,Hispanic,1
39,133132,23287,817,21,0.11347551809358816,Female,Asian,1
43,76532,5174,514,10,0.17104096853018627,Male,Asian,1
61,36052,31732,433,7,0.08441091712096088,Male,Black,0
42,120689,39998,584,38,0.5464556601520993,Female,Asian,0
34,67076,42055,425,34,0.5285819144873213,Female,Asian,0
30,73420,17112,738,37,0.7604850972638983,Male,Black,1
37,20671,44874,451,7,0.583742730917793,Female,Asian,0
42,20163,14689,630,36,0.04163667100490516,Female,Hispanic,0
21,61424,49814,837,26,0.7073961391431633,Male,White,1
27,129538,24555,682,27,0.6901401303565806,Female,Asian,0
20,73744,38919,414,39,0.35465625661815897,Female,Hispanic,0
58,90331,12619,781,33,0.46869044042233726,Male,Asian,1
62,30634,11033,583,31,0.7808626659780151,Male,White,0
35,24798,46328,374,14,0.42584349107853303,Male,Black,0
64,42420,9946,465,16,0.7242574627008719,Male,White,0
53,137043,29618,488,32,0.06643100624814915,Male,Asian,0
64,140575,39675,377,15,0.1528414949669463,Female,White,1
39,147158,41258,320,28,0.3526039547530543,Female,White,0
51,49300,23919,483,8,0.4678054466698438,Female,Black,0
64,109881,9173,521,32,0.6529822814902402,Female,Asian,0
25,30749,48833,627,28,0.7906096921145496,Female,White,0
57,124131,31400,478,12,0.31108119717929317,Male,White,1
66,45121,9769,411,20,0.037932508912067946,Female,Black,0
61,148563,42564,358,20,0.6409372026362599,Female,Hispanic,0
36,57487,19211,626,4,0.4835045752662465,Female,Asian,0
59,113947,28255,490,9,0.15883428709456135,Female,Hispanic,0
58,53361,32962,499,5,0.39586276529713615,Female,Hispanic,0
54,41223,24356,611,12,0.5938481964269795,Male,Black,0
23,92930,25306,334,0,0.6163294296549151,Female,Black,0
69,34056,9997,678,19,0.39969472959900965,Female,Asian,0
43,48380,22376,686,7,0.24417162410308732,Female,Hispanic,0
51,46035,45880,536,9,0.7789940656307949,Female,White,0
62,50620,43055,818,8,0.5306900887651943,Female,Hispanic,0
23,39877,15578,582,2,0.326590015477039,Female,Black,0
54,145481,23624,300,10,0.22437057936372196,Male,White,1
50,75316,44194,763,11,0.5848823864028497,Female,White,1
39,84041,49367,529,9,0.19374675647501416,Male,Black,0
38,128940,5389,471,24,0.13736799117895054,Male,White,1
23,137360,38767,386,24,0.42386711116965625,Female,Hispanic,0
23,73352,6855,422,10,0.2319899141153135,Female,Black,0
65,50911,45893,597,35,0.5031241159388921,Female,Asian,0
21,52784,18794,783,38,0.0943509398993868,Male,Black,1
47,23191,40531,464,25,0.5239528836538573,Female,Asian,0
28,53160,9986,682,13,0.22663722239816178,Female,Asian,0
47,110536,37298,508,38,0.00019434754761018527,Female,Black,1
48,124576,6481,731,39,0.1015488461393411,Male,Black,1
41,84641,8731,688,0,0.7468923022680753,Male,Asian,0
26,69723,21835,523,3,0.6938837112922863,Female,Asian,0
20,23631,32798,302,29,0.1868872256289895,Male,White,0
68,26172,31113,671,11,0.622697523636393,Female,Black,0
48,62080,24477,745,34,0.48685727453917943,Male,Black,1
57,109097,22266,415,12,0.7767237691598956,Female,White,0
54,110353,25792,569,30,0.2988845276272473,Male,Black,1
53,40281,25452,746,37,0.545168490013737,Female,White,1
41,48671,48526,667,22,0.05082857793913487,Female,White,0
48,142811,46334,552,3,0.3169978774531248,Male,Black,0
23,71431,16889,616,15,0.7710541289505444,Male,Hispanic,0
19,110900,29335,714,6,0.4311846995600965,Male,Asian,1
37,142139,16254,394,21,0.23030360266787567,Male,Black,1
45,127210,26074,323,28,0.09621677050288549,Male,Hispanic,1
28,147734,16442,349,10,0.5628226721452244,Female,White,0
21,112961,42327,801,32,0.5158848347437814,Female,Hispanic,1
32,135463,21199,797,28,0.29915097088301973,Male,Black,1
23,48602,12291,634,38,0.7607530814926675,Female,Black,0
66,108789,45928,378,11,0.017762250390280256,Female,Hispanic,0
47,71399,5112,326,6,0.24297908130546064,Male,Black,0
55,43472,26515,570,38,0.7368555890396652,Female,Asian,0
68,69230,24581,546,25,0.2567483506555523,Female,Hispanic,1
19,93616,31500,686,39,0.20180226708413632,Male,White,0
32,27099,37026,660,8,0.42737632794499786,Male,Hispanic,0
28,138614,21523,787,33,0.6590413999364304,Female,Hispanic,1
25,45431,6424,651,12,0.08251740870268885,Male,Hispanic,0
43,76492,24552,555,35,0.7544165677165889,Female,Hispanic,0
68,116722,15808,521,24,0.6360583049449313,Male,White,0
62,67684,43811,300,23,0.14500020444124156,Male,White,0
61,50111,11989,845,16,0.5696063689585301,Male,White,1
22,125387,28620,745,1,0.30796697811004575,Male,Hispanic,1
23,83936,44029,378,12,0.32183574246105495,Female,Asian,0
43,42614,5887,535,30,0.6266320739510931,Male,Asian,0
21,112260,36802,633,28,0.7702278463845857,Male,White,0
36,61991,24488,648,27,0.10132469827775514,Female,Asian,0
37,90476,35013,397,26,0.33650418950305555,Female,Asian,0
50,137959,21402,381,14,0.38475328646744283,Female,Asian,0
37,80920,26205,801,30,0.3010494535639981,Female,Asian,1
66,114294,31049,776,39,0.29055129897298004,Male,Asian,1
29,83530,17253,849,14,0.04181493404927723,Female,Black,1
64,56224,23990,313,32,0.5484308964500987,Male,White,0
18,27788,12846,691,19,0.34897153369603634,Female,Hispanic,0
43,48082,30027,646,11,0.15583504211514143,Male,Asian,0
31,143287,44200,609,36,0.6528268018416548,Female,Black,0
55,109570,8765,685,8,0.6420485985213024,Male,Hispanic,0
54,121015,20950,508,22,0.3891133024711151,Male,Black,1
28,96816,14741,656,7,0.23876052891820843,Female,Asian,0
53,103588,27742,393,31,0.5104741806371619,Male,Asian,1
30,36531,29703,392,13,0.23052170862192245,Male,Asian,1
60,108340,43709,639,26,0.18880634425896964,Male,Asian,1
20,114439,42623,744,24,0.5844117232210614,Male,Hispanic,1
50,64857,27931,321,12,0.03226019177676056,Female,Hispanic,0
23,30142,28580,590,20,0.07581477682767518,Male,Black,0
67,135053,20166,784,30,0.0054305392188718216,Male,White,1
27,68355,34240,605,36,0.12235454918034093,Female,Asian,0
22,29866,30991,427,4,0.05519200696836757,Female,Black,0
40,90067,43556,572,12,0.7966418942239349,Female,Black,0
27,130990,37969,741,27,0.23104797596327167,Male,Black,1
61,123634,15561,802,24,0.11941441013539783,Male,Asian,1
19,123814,21901,429,34,0.19279700639673436,Female,Asian,0
30,145426,45505,431,38,0.7489004572321077,Male,Black,0
57,84027,35020,781,6,0.41612817841951655,Female,Asian,1
19,77906,30917,689,37,0.29185447704628553,Male,Black,0
37,48138,6988,624,31,0.6987131663273756,Female,Hispanic,0
18,112601,49505,368,2,0.315992216439226,Male,Asian,0
54,49956,19256,747,38,0.26800685596615664,Female,Hispanic,1
26,127268,27192,827,36,0.16582601803978847,Male,White,1
34,124797,33230,464,21,0.3022374591275292,Female,Asian,0
26,144917,44930,787,7,0.2533474848135408,Male,White,1
28,146303,27625,725,16,0.5418431674385128,Male,Black,1
32,96295,37088,564,26,0.2316661637365817,Male,Asian,1
41,25439,19114,641,32,0.46175979713804916,Female,Asian,0
55,67241,46167,577,16,0.052713732025578164,Male,Asian,1
52,62533,43401,738,11,0.1530313253572115,Male,White,1
47,48270,10755,456,26,0.32592421728907905,Male,White,0
48,98815,15825,721,7,0.7495594031269563,Female,Black,1
66,59279,27693,550,22,0.30180158857255635,Male,Hispanic,0
22,129787,9117,829,28,0.5312592969598673,Female,Hispanic,1
61,43888,29729,626,19,0.20406977793711853,Male,White,1
67,37630,37182,396,15,0.10162686077858539,Female,Asian,0
31,81063,33890,812,16,0.04682928006404011,Female,Hispanic,1
28,138527,34340,515,15,0.24433079883420109,Male,Hispanic,1
26,143239,6518,431,18,0.12612882143752638,Female,White,1
51,147896,35949,559,7,0.13920835841289936,Female,Black,0
29,55144,27547,424,37,0.6086074467095601,Male,White,0
52,72161,21346,381,37,0.012670456755899374,Female,White,1
52,116718,7600,582,28,0.4462481005883476,Female,Asian,1
18,145873,34267,358,35,0.30356910447477187,Female,White,0
57,111074,41322,843,25,0.4052399999268378,Female,Asian,1
39,97360,31990,460,30,0.45026418977168237,Male,Black,0
46,70979,21193,583,11,0.2506941555658226,Female,Asian,1
25,117661,35109,405,16,0.23608708814742824,Female,Black,1
28,26979,24233,404,14,0.5867214794679246,Male,Black,0
58,46189,21194,738,8,0.6970215904969258,Male,Black,0
54,62600,39510,527,38,0.15406530596682233,Female,White,1
31,79560,6306,617,11,0.07809500842811917,Male,Asian,1
47,98040,8849,763,31,0.7182366451136208,Male,Hispanic,1
52,143257,17360,771,24,0.27991637091791893,Male,White,1
38,81558,34231,355,38,0.44105391253025134,Male,Black,0
54,106205,41963,312,17,0.2876345156160028,Male,Hispanic,1
22,26910,23689,739,14,0.10064186907684106,Male,White,1
36,77713,34084,317,31,0.4714653159581825,Male,Hispanic,0
31,66857,45387,412,5,0.42011268141570374,Male,Black,0
43,54964,14280,528,34,0.16239484735295778,Male,Hispanic,0
21,105667,7642,470,33,0.3614952357218223,Female,Hispanic,0
42,45227,47137,594,37,0.6375580032125168,Female,Black,0
62,25978,19296,488,4,0.4723408824863131,Female,Hispanic,0
59,107527,20438,725,17,0.07753386165359588,Female,White,1
42,37153,42525,378,15,0.43841719778330807,Female,Hispanic,0
35,79765,7994,481,7,0.5621906394316695,Male,Asian,0
57,119084,39039,798,24,0.6341627246246011,Male,White,1
25,128212,6813,370,31,0.5032940629074134,Female,Hispanic,0
56,59071,32491,547,25,0.12212653163262699,Female,Asian,0
57,132990,23845,445,21,0.5681386132721286,Male,Asian,0
31,89519,46243,595,30,0.5418734768652131,Female,Asian,0
49,29503,42164,769,9,0.01954150635250658,Male,Hispanic,1
68,80703,47051,805,11,0.32939813407219454,Female,Black,1
55,84379,18318,492,27,0.26636019756989865,Male,Asian,1
50,115457,22200,367,5,0.5355296514029148,Female,Black,0
40,77866,5082,793,19,0.17290864984873658,Male,White,1
32,36905,6920,351,4,0.4726975383794068,Female,Black,0
50,65838,45585,662,22,0.730564769451338,Female,Black,0
42,145200,16683,773,8,0.6382418977668862,Male,Black,1
34,78279,16336,820,28,0.7371661889732244,Male,Black,1
50,109489,20596,730,15,0.7828047735461521,Female,Black,0
64,46806,7093,597,21,0.008536101604930213,Female,White,0
19,65000,17905,734,7,0.49819302110198205,Male,White,1
31,42168,29351,497,19,0.3302715182071252,Male,Black,0
57,90119,35981,427,13,0.6878835922680975,Male,Black,1
57,58714,13367,831,38,0.20145176160730538,Female,Asian,0
68,74093,10285,710,36,0.7848235912920609,Female,White,1
56,75419,48664,364,33,0.49096637563499784,Male,Hispanic,0
68,69145,42705,540,10,0.6348299217830649,Female,White,0
23,125432,21753,668,39,0.06847964225821467,Female,Hispanic,0
23,97425,23485,835,32,0.14676630780709204,Male,Asian,1
20,112949,17977,683,30,0.6067229384273626,Female,Black,0
24,97811,24874,730,33,0.017589217631458886,Male,Asian,1
68,22461,12674,382,6,0.6535023887150263,Male,Black,0
25,34291,34038,585,22,0.011159214953529163,Female,White,0
59,66804,34315,833,6,0.5256950712490187,Female,Black,1
69,96971,8676,758,24,0.29207513618544473,Male,Hispanic,1
32,113471,7426,511,2,0.4891958821753593,Male,Hispanic,0
64,84946,29473,425,37,0.5568251255912909,Male,Asian,0
46,118989,7962,712,19,0.27398017534904334,Female,White,1
50,104080,34943,798,33,0.08636995848866845,Male,Hispanic,1
69,141719,5859,724,29,0.05571669419861252,Male,Asian,1
47,81332,49816,842,16,0.4711488180500383,Male,White,1
56,97794,9138,457,9,0.4165242829872893,Male,White,0
44,50841,40192,411,34,0.5937608072969061,Female,Asian,0
53,144447,30640,701,19,0.40778840800314975,Female,Hispanic,1
46,140029,15409,421,17,0.33795663202470333,Male,Hispanic,0
55,68758,9017,572,26,0.3184697425889847,Female,Asian,0
50,134726,15451,593,35,0.021157522078133973,Female,Hispanic,0
54,96272,33327,697,22,0.26844576135732573,Female,Asian,1
44,57643,15278,770,31,0.7808161260195954,Male,Hispanic,1
50,70408,29944,506,9,0.6988444609816711,Female,Hispanic,0
21,63950,48764,409,10,0.2635024536273742,Female,Asian,0
39,76849,6134,739,37,0.4702363240530978,Male,Asian,1
19,120500,35131,577,5,0.6778373964283952,Male,Hispanic,0
27,48044,42887,781,33,0.35301946940005496,Female,Asian,0
22,125469,43462,413,35,0.014366291000120768,Female,Hispanic,0
27,145588,27520,776,36,0.05960836945491206,Male,Black,1
50,35997,26869,620,16,0.40831417707896533,Male,White,0
55,99751,41932,478,39,0.7755515005407028,Male,White,0
30,118605,10039,518,39,0.5545676337750942,Male,Hispanic,0
48,43911,26281,827,11,0.05673295315085563,Female,White,1
64,75533,15442,791,20,0.15148870063349024,Male,Hispanic,1
53,102566,13252,360,39,0.61705851457348,Female,Asian,0
62,114870,32586,353,18,0.6731518079649959,Female,Black,0
41,34571,22568,837,2,0.4941556689508727,Female,White,1
69,128255,25810,364,17,0.5155385357038533,Male,White,0
32,149226,6551,470,18,0.022669960306707718,Male,Asian,1
46,114463,17625,572,5,0.6628242076652069,Female,Black,1
25,77941,39397,834,15,0.6306201665366638,Female,Black,1
22,78005,31249,690,7,0.20722811528267773,Female,Black,0
46,106250,6361,626,17,0.5669413759724056,Female,Asian,1
64,78712,31149,407,38,0.1718836851399985,Female,White,1
21,63541,9370,461,11,0.032264128841210396,Male,White,1
29,43387,10283,751,9,0.16090923407230184,Male,Black,1
62,113980,12610,505,6,0.14290310140343962,Male,Asian,1
19,68908,48326,315,0,0.2701983973878778,Female,Asian,0
44,105457,19924,626,35,0.3347595977403665,Female,Asian,0
48,33057,49717,301,20,0.40683111319816634,Male,Black,0
68,84028,15626,309,36,0.38140310040666253,Male,Asian,0
68,130804,39761,733,23,0.2165396847722315,Female,Black,1
53,139246,5869,424,24,0.023336534859259572,Male,Black,1
53,75731,36552,380,6,0.4840812977897206,Male,Black,1
43,44858,6014,784,16,0.3165958638778835,Male,Hispanic,1
60,68689,15103,449,28,0.23893772591003978,Female,Black,1
44,64638,21986,639,29,0.69355283426441,Female,Asian,0
22,111598,49781,428,6,0.5973946462385279,Male,Hispanic,0
37,122386,35471,737,32,0.6862124386979538,Female,White,1
28,66486,38458,800,6,0.39598623576996883,Male,White,1
27,40567,30069,357,23,0.10474500170142198,Male,Asian,0
57,49739,21873,497,10,0.556977148897018,Female,Asian,0
55,77804,28248,510,8,0.1648590239497402,Female,Asian,1
23,128821,28624,344,11,0.35298373527337346,Female,Asian,0
25,23754,48516,396,34,0.0520006311591108,Male,Hispanic,0
40,47044,34061,578,3,0.660246721938386,Male,Asian,0
64,87260,29170,834,35,0.10075251283800046,Male,Black,1
43,86912,13024,709,27,0.7224780056394478,Female,White,1
63,145623,21678,760,12,0.6913844818092457,Male,Asian,1
60,28706,43256,690,22,0.3716662115513969,Male,Black,0
29,28894,25411,343,18,0.5954945634431925,Male,Asian,0
43,38037,48803,326,36,0.49555605905452266,Male,Black,0
30,103986,24296,396,38,0.642460513870196,Female,Hispanic,0
57,101942,31293,847,23,0.34544408062872967,Female,White,1
35,71612,32172,518,15,0.6286467873954801,Female,White,0
42,49725,26128,484,32,0.3699654536521184,Male,Hispanic,0
50,25926,23257,368,11,0.7527726302742351,Male,Black,0
64,124555,17855,429,33,0.3890976806601181,Male,Asian,0
57,29496,24642,633,6,0.37009541754698366,Female,Black,0
60,76447,40585,453,10,0.6280574892508102,Female,White,0
29,121604,25025,846,30,0.6572621534086704,Female,Hispanic,1
61,49806,9458,378,28,0.44359129145693665,Female,Hispanic,0
53,108199,10307,712,12,0.14383825079606033,Female,Black,1
65,61321,46701,845,30,0.3742065847660636,Male,Black,1
21,142041,23425,468,1,0.7744580023277428,Female,Hispanic,0
22,122031,48427,814,38,0.6023889544313481,Female,White,1
54,85095,33273,613,14,0.6489300831033058,Female,Asian,0
25,42656,43506,331,10,0.026260399055392104,Male,Asian,0
59,75147,10668,586,33,0.37428757010732794,Female,Black,0
66,111396,30934,342,38,0.5172969069260444,Female,Hispanic,0
45,69666,12697,300,3,0.6640261469024598,Female,Hispanic,0
48,102368,29417,569,10,0.039418922866217176,Male,Hispanic,1
26,58787,21446,479,28,0.6819511085134985,Male,White,0
68,133767,45597,817,1,0.4387207493935294,Female,Black,1
46,82946,15751,402,15,0.15785117646084795,Female,Black,1
31,41727,12352,309,38,0.25380417315976,Female,Black,0
57,128351,18516,389,12,0.2255436414012486,Female,White,1
58,115081,28299,525,36,0.4246872274307807,Male,Black,0
39,142721,36957,425,16,0.04134854392890546,Female,Asian,0
28,130058,33927,508,20,0.12682892679993882,Male,Black,1
40,88056,46094,396,18,0.650154434700626,Female,Black,0
18,23081,41412,373,6,0.10608319259744886,Male,Black,0
63,54196,34493,490,37,0.18671701556650158,Male,White,0
54,56735,31711,355,7,0.36269648448332586,Female,Asian,0
38,124749,13003,331,12,0.41369671049066437,Male,Asian,0
43,100102,36707,826,36,0.6108883836913269,Female,Hispanic,1
63,99578,8278,583,1,0.35786594133295024,Male,Hispanic,0
53,45498,12296,793,10,0.631891696828431,Male,Asian,1
40,96865,30398,486,23,0.494677045636366,Female,Black,0
18,51656,40842,797,5,0.09047979153905797,Female,Black,1
68,87695,18261,741,25,0.12506515071427088,Male,Black,1
57,57900,16173,429,6,0.34962698035981665,Male,White,0
32,148392,35449,591,38,0.3175115144712317,Female,Black,0
38,137235,46080,413,18,0.5948354157098357,Female,White,0
64,104899,6637,498,5,0.4645897118378815,Female,Asian,0
26,67701,36781,312,28,0.31050646480179944,Male,Black,0
26,128777,18652,570,38,0.1366082267603085,Female,Black,0
27,39033,10103,514,1,0.18146968186039614,Female,Hispanic,0
69,143193,30500,743,18,0.4604008147752472,Male,Asian,1
43,30805,39800,811,3,0.338751043919834,Female,Black,1
58,55851,40529,746,5,0.4119420070885377,Female,White,0
52,46832,23452,373,36,0.13654194824178695,Female,Asian,0
69,83437,36174,836,27,0.5303250018756527,Female,Hispanic,1
42,135725,40436,400,29,0.6820309926847736,Male,Asian,0
43,33944,20954,475,6,0.20635160542952047,Female,White,0
28,39873,22186,726,8,0.3932113806654613,Female,Hispanic,0
55,60372,17356,416,24,0.7804218632167215,Female,White,0
19,109464,37963,465,32,0.2665933924405821,Female,Asian,0
24,35379,7187,340,0,0.47603707593900896,Female,Hispanic,0
35,137322,16707,728,5,0.07215656016019549,Female,White,1
44,56751,40098,643,17,0.48481200198355456,Male,Asian,0
51,120082,31935,723,9,0.07170541864369433,Male,White,1
44,109822,26225,665,27,0.7673883482590577,Male,Black,1
34,25110,8606,419,10,0.5725301216578491,Female,Asian,0
60,74341,37828,528,32,0.6305278305085652,Female,Hispanic,0
61,32087,31489,429,0,0.5632834886173095,Female,Hispanic,0
68,43762,19387,651,12,0.47178322886117263,Male,Black,0
41,135812,8927,617,36,0.3599302248684043,Female,White,0
42,102617,11296,636,19,0.68669870380885,Male,White,1
24,120483,35444,572,0,0.7654685340344505,Female,Hispanic,0
69,29596,7591,416,2,0.39922893832326506,Female,White,0
23,123555,49895,667,17,0.7452280393242097,Male,Asian,0
41,127539,31147,393,13,0.46666632799081403,Male,Asian,0
50,38313,43889,467,30,0.43070734951714656,Male,Hispanic,0
66,133175,6200,640,26,0.36358618636428536,Male,Asian,0
46,86549,20721,451,16,0.1674302092240959,Male,Hispanic,1
60,134914,24238,573,28,0.0029757286544473517,Male,White,1
39,43705,16087,795,35,0.19320498148484902,Female,White,1
43,87364,35816,400,36,0.4077785372828522,Male,White,0
45,93445,28408,381,25,0.30396796180780206,Female,Black,0
67,123892,44740,828,16,0.3587881824021071,Female,Hispanic,1
38,98645,5136,372,21,0.7845185756512397,Female,Asian,0
66,22023,22413,313,24,0.2802178965354621,Female,White,0
24,139654,23978,732,1,0.3617463514880863,Female,Black,1
34,79796,5661,456,21,0.10681244108225565,Male,Asian,1
37,100073,40240,431,4,0.03836618594959012,Male,Asian,1
58,112197,32253,637,3,0.6203276116739957,Male,Asian,0
66,84429,31884,703,35,0.45654654005758294,Female,White,1
37,124195,37854,675,5,0.608563844835116,Male,Asian,0
39,81627,15704,406,20,0.1198902391092413,Female,Hispanic,1
45,53848,43987,564,12,0.45746301694615277,Female,Black,0
57,57804,29527,504,36,0.20291397947310044,Female,Asian,0
66,35379,21322,378,24,0.18244945352001596,Female,Asian,0
24,79664,11968,454,25,0.009220811242388206,Male,Hispanic,0
18,47766,32518,546,38,0.10427257885525752,Male,Asian,0
49,129126,32886,830,19,0.24741448919975628,Male,White,1
30,88099,6700,837,32,0.09350300847275124,Male,White,1
47,56060,33246,453,13,0.7886867523287501,Male,White,0
40,114733,40468,453,35,0.24690611881916055,Female,Asian,1
68,89122,28199,391,16,0.10425915736186253,Male,Black,0
36,36087,49589,732,20,0.1592658502623662,Female,Black,1
49,68868,37115,637,15,0.47016258267318123,Female,Asian,0
47,139119,10520,779,15,0.05123481909183081,Female,Black,1
46,43225,49278,430,19,0.6899473041129256,Male,Black,0
66,115286,41455,749,28,0.7691997433897179,Female,Asian,1
62,26643,25929,572,27,0.1973979365339047,Female,White,0
46,113059,46605,476,7,0.3600762148726875,Male,Asian,0
47,56727,19955,348,23,0.017707560823597656,Female,White,0
33,31005,49049,654,2,0.5125681797817773,Female,White,0
57,129079,18917,607,24,0.3311408464420711,Female,Black,0
36,85697,9757,345,18,0.21604677288124458,Male,Black,1
35,36029,18045,601,32,0.1654696884932868,Female,White,0
18,135281,46680,707,1,0.5232184621270084,Female,White,1
31,34226,9733,488,14,0.3329736248258516,Male,Black,0
68,83646,35954,428,21,0.1437274312239296,Male,Hispanic,1
64,80603,36135,836,9,0.5512872651894593,Female,White,1
67,48731,12081,565,17,0.45205782642935494,Male,White,0
19,129458,46458,417,21,0.686937643943597,Male,White,0
45,130384,28501,763,26,0.09398071910119432,Male,Black,1
66,88926,26113,443,12,0.628533281555565,Male,Asian,0
67,25997,39441,741,32,0.5388134294538073,Male,White,1
47,75506,29690,499,4,0.09200874946247826,Male,White,1
55,98229,48939,456,25,0.5558565838973766,Male,White,1
68,69815,34345,786,12,0.35323783110386436,Female,Asian,1
21,62092,49571,433,26,0.7559878284446745,Male,Asian,0
18,82539,31829,447,13,0.11328908049431946,Male,White,1
25,86077,40062,635,23,0.5142667126525904,Male,White,0
46,41817,8630,370,2,0.3055840363703568,Female,Hispanic,0
56,57861,36870,532,29,0.7654517364727023,Male,Asian,0
20,33428,49942,633,34,0.26397991623222117,Male,Hispanic,0
49,63934,8453,389,13,0.7697487275934402,Female,White,0
27,135555,42275,633,11,0.7211886808805993,Male,White,1
27,134367,48370,498,27,0.21630658824852508,Female,White,1
36,30258,43396,460,28,0.6428334214611422,Female,White,0
63,77775,13328,837,16,0.7964833614428048,Male,Black,1
51,101580,20534,420,39,0.2021304017370259,Female,Black,1
50,114947,24744,600,20,0.34942173545865574,Male,Black,0
40,25469,24389,735,22,0.41614458925340775,Male,Hispanic,0
45,48854,41320,367,19,0.23594490864309148,Female,Asian,0
49,26256,40010,758,10,0.012211871716823808,Female,White,1
67,144086,19665,813,33,0.17610339535802133,Male,Asian,1
24,96256,42865,697,9,0.22554950747340677,Male,Black,0
46,53937,13640,585,9,0.35487976105454977,Female,White,0
25,119134,39716,439,5,0.1368819827307215,Male,White,1
18,21651,30521,581,35,0.6986034853533382,Male,Hispanic,0
20,70288,35049,756,23,0.5639289061850689,Male,Asian,1
41,104730,10618,386,11,0.06816038204772959,Female,Hispanic,1
40,45051,42004,378,22,0.5200739609119451,Male,Black,0
25,47386,6920,504,26,0.5229251811244964,Male,Asian,0
64,95054,48937,636,36,0.7649769389149021,Male,Black,0
54,131562,9188,553,5,0.0024166970849289985,Female,Hispanic,1
20,36184,17207,603,0,0.19834595984464576,Female,Hispanic,0
68,53787,5238,679,5,0.7422331835002525,Female,White,0
50,41621,37972,429,21,0.7457071323186265,Male,Asian,0
45,95564,15799,575,23,0.5764691354965099,Female,Asian,0
64,97984,10552,482,24,0.6126106568380321,Male,White,0
25,79792,33916,567,14,0.0731863663437177,Female,Asian,1
51,65253,9927,621,25,0.4111006678225869,Male,Black,1
52,54051,32964,811,7,0.18526639303119952,Female,Black,1
49,69811,16164,377,23,0.14497443489089382,Male,Hispanic,1
41,50447,42158,638,37,0.6482426392986661,Male,Black,0
31,148046,24071,808,5,0.10803050934443795,Female,Asian,1
49,103930,11160,537,34,0.37492130959710823,Male,White,0
63,143278,20810,433,0,0.7508625916688265,Female,Hispanic,0
60,120037,10126,491,35,0.14866564445227404,Female,White,1
33,50254,35009,655,11,0.7823947389905878,Male,Hispanic,0
21,104045,38584,577,37,0.7954303886088473,Male,Hispanic,0
69,136859,30396,317,10,0.44449372374592233,Female,White,0
54,77418,5192,823,11,0.13611419214172635,Female,Black,1
38,134534,41413,479,38,0.2528839103527165,Female,Black,1
31,34472,17816,422,6,0.3395942661412281,Male,Black,0
48,131193,44082,545,10,0.24745937948657837,Female,Black,1
65,23471,37130,672,35,0.22450846390121262,Male,White,1
35,127332,45142,350,30,0.7777837673730861,Male,Asian,0
24,140312,41468,370,32,0.12269186193259651,Female,Hispanic,0
27,143379,35698,779,12,0.5866623269734899,Female,White,1
24,115804,15655,318,17,0.00032823155133989703,Male,Black,1
50,28329,35075,383,23,0.4769461355219015,Male,Black,0
40,54865,14359,454,8,0.7327544031632419,Male,White,0
38,66850,41661,656,30,0.23034727527457521,Male,Hispanic,1
36,74220,44579,742,9,0.14842078020617536,Female,White,1
65,132234,47056,368,1,0.5213438359027416,Male,White,1
36,113808,38272,822,37,0.5700811258387145,Female,Asian,1
53,128381,47581,442,14,0.550424415161585,Female,White,0
46,26397,19671,491,2,0.25545350401709926,Female,Asian,0
35,117909,32048,686,30,0.2017619217274647,Male,Hispanic,0
19,149004,15738,677,5,0.7647350399696354,Male,White,0
18,55525,30963,834,2,0.7386396066159436,Female,White,0
64,73072,48954,592,10,0.36585328791425625,Female,Black,0
22,110106,11773,308,14,0.6769550929234988,Female,White,0
37,103820,41584,570,27,0.3618587821074368,Female,Black,0
28,104530,34894,686,9,0.33951121445800836,Male,Black,0
59,43284,5717,392,37,0.12541035807943574,Female,Black,0
19,81330,16676,828,6,0.3411248451935783,Male,Hispanic,1
20,103369,9434,453,14,0.42993355087984564,Male,Asian,0
40,45122,42825,704,17,0.018003461942949172,Male,Black,1
29,90553,34100,448,17,0.35529040414032514,Male,White,0
37,101906,9994,566,23,0.6250849747161603,Female,White,1
22,114788,9234,721,1,0.5440368450994159,Male,Black,1
54,82812,8764,771,39,0.5081255910911481,Female,Black,1
55,27999,48949,846,19,0.7276443427497621,Male,White,1
47,42436,42405,825,33,0.014425607860184009,Female,Black,1
26,62963,39872,802,25,0.4456380689537873,Female,Asian,1
51,22096,47215,313,6,0.6298790787277657,Female,Asian,0
61,149940,28185,663,37,0.4330683061610138,Female,Hispanic,0
52,133737,48442,418,29,0.25911644206430334,Female,Black,1
69,45279,46153,537,4,0.10900045207358229,Male,Hispanic,1
39,141092,16999,845,10,0.7100504574529531,Female,Hispanic,1
61,128899,41487,468,0,0.3766099139100824,Male,Hispanic,0
41,134245,7581,821,33,0.7024921575885612,Female,Black,1
34,46201,7763,815,0,0.4686816979465347,Male,Hispanic,1
27,39715,32374,696,18,0.5393536932920007,Male,Asian,0
47,49309,43759,405,1,0.64340892350276,Male,Hispanic,0
63,35078,15531,384,20,0.5273244356801076,Female,Asian,0
40,76614,30307,513,19,0.3184438725431502,Male,Asian,0
49,25105,35835,420,22,0.4109067071429208,Female,Black,0
34,137666,16064,431,20,0.642436419740704,Female,Hispanic,0
67,114848,16312,496,23,0.2989202370983874,Male,Black,1
68,22839,42548,318,3,0.31049716541479766,Male,Asian,0
34,88920,41945,311,11,0.07655209284640092,Female,White,1
31,63619,11476,380,21,0.7316675481773982,Female,Hispanic,0
26,62821,29565,629,19,0.07282905195635339,Female,Black,0
57,145736,7382,691,17,0.5185673419588447,Female,White,0
19,33493,27463,606,0,0.3305555830422382,Female,Hispanic,0
62,37069,38402,566,29,0.3244955122043539,Female,Hispanic,0
42,132443,31345,746,32,0.5436414692581472,Male,Black,1
56,27531,49764,740,23,0.05367498610390298,Female,White,1
26,57051,31946,301,13,0.4749646263611477,Female,Black,0
39,27736,19162,819,35,0.6176254287778838,Male,Hispanic,0
60,27710,13397,608,4,0.6625702063092754,Male,Hispanic,0
63,87155,27335,821,10,0.13642431151502024,Male,Asian,1
21,33975,19394,768,23,0.717935240062539,Female,Hispanic,0
43,82424,32197,511,30,0.5249168734779538,Male,Hispanic,1
46,65603,27010,411,12,0.7054838406565462,Male,White,0
62,43252,29123,307,15,0.38822457368815866,Female,White,0
51,100797,27387,776,23,0.4336266760777616,Female,Asian,1
40,21431,7890,759,12,0.735230621622937,Female,Asian,1
54,94603,32769,552,23,0.7199276346837374,Female,Asian,0
28,57481,48626,825,25,0.35852869869520165,Male,Black,1
23,112573,13026,737,1,0.21953010530854541,Female,Black,1
35,29557,8306,535,15,0.31453634765141136,Male,Asian,0
38,94971,38665,605,37,0.3102114628237998,Female,Black,0
59,123302,14277,777,0,0.22949349998623517,Male,Hispanic,1
53,20162,47239,319,10,0.21486368346637327,Female,Asian,0
58,54742,19683,515,34,0.6888503491837756,Female,Asian,0
55,39675,5670,434,28,0.05588953654772935,Female,Black,0
51,93997,28675,428,36,0.5420889456796754,Male,White,1
34,37015,22889,709,16,0.13825604116516185,Male,Asian,1
54,70057,49535,721,38,0.2756047147152506,Male,Black,1
42,52591,18006,593,27,0.04923442730786949,Female,Black,0
55,113583,31531,545,28,0.21597890948436965,Male,White,1
29,146133,26639,385,2,0.6147368568937938,Female,Asian,0
40,120318,21633,674,9,0.7080122596378069,Female,White,0
59,29833,39660,745,13,0.17722172152189364,Female,Hispanic,0
39,27896,8439,677,11,0.3708382714071375,Male,White,0
38,52972,37172,689,29,0.37625923834976516,Female,White,0
44,69733,40622,350,31,0.6988602446077874,Male,Black,1
48,140363,16577,541,31,0.6102392423006444,Female,White,0
23,61800,16763,593,31,0.4104617746944399,Female,Hispanic,0
44,116044,25176,565,25,0.5365977603774187,Female,Black,0
57,25347,49386,419,0,0.6778840431274935,Male,Hispanic,0
51,79063,29255,547,1,0.007631163220435955,Male,White,1
29,115850,46003,369,16,0.3223120248400389,Female,Hispanic,0
62,22643,24996,356,29,0.7257945338216629,Male,Hispanic,0
24,60785,40386,681,38,0.5922504246751611,Male,White,0
27,38681,26062,338,6,0.4342730994672597,Female,White,0
62,70026,40931,742,26,0.4237156216281068,Female,Black,1
34,123864,40710,317,8,0.27821607808355026,Male,Black,1
43,35892,39693,651,21,0.4164164269132116,Female,Asian,0
38,67299,40740,597,33,0.5243065595707627,Female,Black,0
45,37073,16705,582,0,0.3346904307430345,Male,White,0
63,122304,48408,409,8,0.5713225171137392,Male,Hispanic,0
19,50682,33047,479,19,0.6889857818083087,Female,Hispanic,0
60,117798,15966,843,18,0.12374787854788893,Male,Black,1
18,146021,22374,324,35,0.3612376182539396,Male,Black,1
68,116894,16138,356,39,0.3264160730280649,Female,White,0
53,144302,20935,479,3,0.5499718432397825,Female,Hispanic,0
68,34289,5489,531,8,0.1998939722063435,Female,Asian,0
43,135359,49516,642,21,0.512200731961821,Female,Asian,0
46,27927,27260,776,17,0.7019913933851905,Male,Black,1
38,68330,31069,754,11,0.3345052798348982,Male,Asian,1
28,86707,24275,531,38,0.7288125599833761,Female,White,0
57,140279,41284,588,8,0.7945309911467828,Female,Asian,0
28,97454,44178,512,5,0.08487363995836167,Female,Black,0
53,127439,37821,557,18,0.18644255038788693,Female,White,1
66,124646,21999,829,6,0.7603038011856746,Male,Hispanic,1
56,85428,43712,528,15,0.7666621491851094,Male,White,0
57,70601,45172,525,4,0.0781658203094068,Female,Black,0
52,97465,38722,734,15,0.011998800301709345,Female,Black,1
51,22539,15625,701,0,0.1288800186051378,Male,Asian,1
64,122263,6629,387,36,0.7968102267057987,Male,Asian,0
41,131487,15973,841,38,0.1439996932885495,Male,Hispanic,1
39,42669,11859,608,18,0.40203808537761854,Male,Hispanic,0
22,90968,46609,642,36,0.6787341811444089,Female,Black,0
50,40644,48307,735,16,0.016321288550565072,Male,Black,1
53,38745,41046,476,25,0.48359118580676763,Male,Black,0
64,140852,26839,438,21,0.22162035909569947,Male,Hispanic,1
37,148081,32216,493,7,0.6898679331517853,Female,Black,0
36,48228,23945,485,32,0.22676891941126334,Female,Hispanic,0
52,138358,11539,517,1,0.5494045762255272,Male,Black,1
69,54521,38625,463,29,0.5393757059579175,Male,White,0
60,142788,9886,460,19,0.17719483908771202,Female,White,1
34,117239,12485,824,17,0.027839359894680095,Female,Black,1
62,46928,36455,341,9,0.32739965902831786,Male,White,0
60,38322,21767,509,23,0.23135452157269576,Female,Hispanic,0
51,77714,33453,574,3,0.6471821996909669,Male,Asian,0
26,107896,15744,578,36,0.6402913507642762,Female,White,0
43,82292,42102,550,3,0.3656191617541004,Male,Asian,0
19,49055,17226,609,12,0.48520978025857514,Male,White,0
26,62891,32869,439,24,0.48340761278954014,Female,Hispanic,0
26,101912,27588,845,12,0.6617265187420988,Male,White,1
57,26588,18440,829,17,0.34000193129855805,Female,White,0
34,110536,36709,356,23,0.22035734383240727,Female,Black,0
18,26304,27495,411,1,0.21202793451243798,Female,Asian,0
42,27345,42019,304,32,0.4289538234257633,Male,Asian,0
60,49300,49948,709,18,0.3593185621857701,Male,Hispanic,1
57,44259,5922,713,8,0.35209661678794896,Male,Hispanic,0
59,111006,32526,481,27,0.07290987127176578,Female,Asian,0
42,108553,12957,312,34,0.5748829925521565,Male,Black,0
56,35352,38998,638,38,0.17098935038552857,Male,Black,0
52,149350,48395,558,9,0.1575629041669771,Male,Asian,1
20,53365,29031,389,0,0.3302066562219148,Male,White,0
67,39446,15006,549,20,0.18222267329424113,Female,Asian,0
54,22336,42701,554,8,0.4670866138464123,Male,White,0
61,82032,30939,407,14,0.2971706714675772,Female,Asian,1
61,95415,25324,784,34,0.3591293780742321,Female,White,1
68,117852,27867,557,4,0.4297354572832231,Female,Black,0
47,118876,5203,581,21,0.1628284179854439,Female,Asian,0
55,27521,21544,387,22,0.12460129829242383,Male,Hispanic,0
51,91707,20899,503,6,0.7043375222988839,Male,White,1
29,43481,34063,315,22,0.34697896226513686,Male,Black,0
36,38474,30344,450,24,0.32967488770603137,Female,Hispanic,0
54,66760,8748,553,26,0.028489720218273187,Male,Black,1
61,75718,44486,487,5,0.3983810420699146,Female,White,0
66,64629,6093,628,33,0.4433357772888001,Male,Asian,0
34,65232,20228,843,8,0.44707269676373323,Male,Black,1
27,106544,25884,696,32,0.5656249354583075,Male,Asian,0
66,87169,30183,816,5,0.14198546799280942,Female,Asian,1
64,147941,21034,758,36,0.20177850738449507,Male,Black,1
29,70669,10710,629,30,0.6485843721843302,Female,Black,1
33,98021,47500,468,33,0.7577364934747153,Female,Black,0
41,129153,24259,665,28,0.10874619789385652,Female,Asian,1
36,89184,40959,477,13,0.39811964360417457,Male,Hispanic,0
25,67945,38457,661,35,0.17134100219166948,Male,White,1
48,33140,25143,339,35,0.04805853468398596,Female,Hispanic,0
38,146468,7103,715,14,0.2604026705009083,Female,Asian,1
34,103457,5365,654,7,0.1149501001473702,Female,Black,0
40,34357,49535,554,25,0.567946458747397,Female,Black,0
54,131672,21103,442,35,0.4269803309371556,Female,White,0
33,88673,37510,310,20,0.11506757679224872,Male,White,1
23,141673,29476,325,27,0.007393270724411494,Male,Hispanic,1
25,85633,17742,720,3,0.6465256392193702,Male,Hispanic,1
42,96943,17391,520,15,0.14095552493139804,Female,White,1
35,116111,41940,795,21,0.4849733137766128,Female,Asian,1
42,98258,33901,536,11,0.26953753046139645,Male,Hispanic,1
29,32924,37001,536,15,0.4683887506520285,Male,Black,0
32,89286,20623,518,39,0.2525229015858592,Female,Black,0
43,113269,7378,786,37,0.06955164855380334,Female,Asian,1
58,147563,26372,760,36,0.1783600068462029,Female,White,1
62,94071,49799,443,28,0.15044685318326048,Male,Hispanic,1
43,77326,43437,488,17,0.3424154819517151,Female,Black,1
64,110023,40503,554,9,0.5266270267409259,Female,White,0
49,140101,35746,367,38,0.21104485995708605,Female,Hispanic,0
27,50651,32923,635,17,0.009655948240494362,Male,Asian,0
33,90202,14867,708,0,0.4151498914118055,Female,Black,1
24,68777,46258,599,38,0.4846075914871777,Male,Asian,0
34,36994,38724,656,20,0.7702963952014478,Female,Asian,0
40,87263,14306,555,0,0.4715766424745975,Female,Asian,0
43,79634,44391,652,14,0.3769380475025135,Male,Hispanic,1
38,120158,19908,820,3,0.4587213007181631,Female,Asian,0
39,30800,32081,823,19,0.7423205038896217,Male,Hispanic,0
24,57823,42228,583,9,0.6627025164813171,Female,Hispanic,0
31,128575,28386,611,22,0.2583829866910464,Male,Asian,1
32,83878,33302,398,33,0.1898034909257098,Female,Asian,1
24,38708,24212,496,32,0.21010688989285892,Male,White,0
26,32819,40618,781,33,0.4035368317721704,Male,Black,0
68,94905,15698,525,38,0.5952395609828622,Female,White,0
65,83870,9594,664,9,0.4025753657463697,Male,Black,0
25,29283,30525,667,19,0.05423711666249007,Female,Black,0
67,50573,19282,374,0,0.5788645603519847,Male,White,0
40,98707,19334,341,12,0.6447761029367631,Female,White,0
46,50933,34179,721,0,0.23159829209577573,Female,Black,1
35,25774,11644,480,4,0.5313005914266803,Female,Black,0
48,92055,40618,844,15,0.3412735208435147,Female,Black,1
47,30983,37933,370,14,0.7112954845819544,Male,Hispanic,0
69,116468,48469,404,27,0.6761804465285919,Female,Black,0
56,116334,38687,499,30,0.4203455986477138,Female,Asian,0
52,38133,46073,400,22,0.5532044366508756,Female,Asian,0
35,145555,22375,606,16,0.7066797608176832,Female,Asian,0
59,34939,35926,676,33,0.39657360806262043,Female,White,0
56,20781,41607,698,12,0.2506005923910576,Male,White,0
34,134586,22642,520,13,0.602932910327665,Female,White,0
31,76700,28993,481,10,0.17605300382775343,Male,Black,1
48,47624,49386,606,27,0.31082491840483367,Male,Asian,0
41,26823,26188,821,31,0.6925817896854349,Female,Black,1
52,38489,37596,695,34,0.579537872215452,Female,Hispanic,0
61,138555,32772,303,30,0.3230488041979994,Male,Hispanic,0
62,59961,35857,580,16,0.17179560192668594,Male,White,0
51,139664,15776,514,8,0.28477471266578924,Male,Hispanic,1
20,49118,37835,719,9,0.2272833193819464,Female,Asian,1
54,120417,14788,400,7,0.14087143035508315,Male,Hispanic,1
60,101816,10660,820,20,0.5946663308525254,Male,White,1
57,42263,9478,608,12,0.20165590948013723,Female,Black,0
43,33565,13210,809,4,0.3633339761342111,Male,Hispanic,1
40,40354,15922,362,5,0.30868755746888726,Female,Asian,0
61,62951,41289,525,29,0.7856619029085047,Male,Asian,0
56,111179,38340,404,30,0.31287379531857645,Female,Asian,0
32,43648,44850,724,16,0.06398598623740384,Male,Black,1
66,70729,43163,554,10,0.07186060205766723,Female,Asian,1
21,61971,23642,728,19,0.47260297708245186,Female,White,1
46,38658,16094,733,8,0.4794908413906125,Male,White,1
39,41253,27423,506,1,0.335007192386124,Female,Asian,0
42,84166,38418,327,36,0.3454749538496238,Male,Hispanic,0
30,68563,10741,635,0,0.04314606627269697,Female,Asian,1
35,46390,11838,368,3,0.4132372083114098,Female,White,0
50,108664,8262,812,35,0.40379158030428136,Female,White,1
33,71578,9996,466,24,0.11963945484555563,Female,White,1
62,99025,49594,667,2,0.08307150888874207,Female,Hispanic,0
59,123850,27164,550,8,0.0988579924795924,Female,Hispanic,1
61,52658,40595,469,21,0.08082259719300683,Female,Hispanic,0
19,26852,35257,389,22,0.48776655642940786,Male,White,0
52,147282,19211,745,11,0.15718612192233491,Male,Black,1
59,114986,35453,593,9,0.20114412174997076,Female,Asian,0
51,22551,10232,449,33,0.1388577153211518,Female,Asian,0
47,91947,7217,431,9,0.7662682435588025,Female,White,0
30,81001,29229,732,29,0.6836939705214684,Male,Hispanic,1
30,69159,19232,358,21,0.1843958698812167,Female,Black,0
35,142775,30613,498,5,0.2620530351377008,Male,Black,1
49,71707,19026,514,1,0.16791427384399774,Female,Hispanic,0
49,53243,33554,771,29,0.39350076756865904,Female,Asian,0
52,41800,35908,546,1,0.015688425979402877,Female,Asian,0
56,95939,24610,681,31,0.5370944071174366,Female,Black,0
63,77828,44605,538,15,0.4185265198541133,Female,Black,0
69,27239,12031,666,11,0.7189111426408826,Male,Hispanic,0
46,26710,30515,467,0,0.13151414746273132,Female,Asian,0
66,41384,41484,350,7,0.6432873968489053,Male,Black,0
46,41038,41182,679,12,0.6335688115733726,Male,Asian,0
61,60846,5570,773,14,0.10174495137350954,Female,Black,1
33,107983,37254,379,7,0.3188473793153021,Female,Hispanic,0
61,87821,24288,666,9,0.13612211291561352,Female,Asian,0
64,57991,18288,760,4,0.20377640036603914,Male,Black,1
27,99057,34877,838,18,0.2105969398644355,Male,Black,1
47,133193,23889,751,37,0.44498911522061824,Male,Black,1
42,26971,5917,763,10,0.32912874540837245,Female,Black,1
56,49139,15066,777,19,0.7581862432050444,Male,Hispanic,0
37,105445,34504,719,19,0.10109611355760412,Male,Asian,1
22,97067,11982,513,20,0.778953707880159,Male,Asian,1
18,100257,44104,668,17,0.18451091217141116,Female,White,1
47,104742,23062,413,9,0.6182991491054826,Male,Asian,1
66,57711,21999,802,33,0.27117594093825714,Male,White,1
20,26530,14941,610,25,0.11446511633385113,Female,Black,0
62,31116,28470,768,29,0.686311348196992,Female,Hispanic,0
31,85794,26133,343,8,0.24708871938917057,Female,Hispanic,0
47,20282,49435,714,30,0.5270843233814738,Male,Black,0
67,99473,9529,545,3,0.4531549480693013,Male,White,0
21,21898,22519,383,5,0.3774050475126995,Male,Black,0
35,24135,17192,506,13,0.3966555781188313,Female,Hispanic,0
54,26629,13566,450,3,0.5857903312738301,Male,Hispanic,0
42,129472,12226,827,25,0.07021833129875246,Female,Asian,1
65,145147,42930,464,38,0.5345445295663241,Female,White,0
18,105120,26259,444,16,0.716649681118863,Male,Asian,1
63,139798,39087,336,18,0.04623055761589132,Male,Hispanic,1
32,109087,6141,632,5,0.11252267138693339,Male,Hispanic,1
26,85031,9627,702,28,0.5733055493616251,Female,Asian,1
32,53380,7690,713,10,0.3498253185956941,Female,Asian,0
66,149951,45091,344,15,0.3228388966509507,Male,Hispanic,0
41,132507,8255,701,29,0.1095733076353887,Female,Asian,1
21,37071,10213,505,24,0.4054160325742305,Male,Asian,0
29,40074,41876,361,39,0.1012362489571018,Male,White,1
54,110724,24404,719,10,0.38129636504843234,Male,Hispanic,1
54,87843,30380,767,6,0.6108922391693254,Female,Black,1
60,59901,30520,318,25,0.2066114863097308,Female,White,0
23,31205,24173,664,21,0.3846289345437819,Male,Black,0
56,75661,28989,599,24,0.7936127755174686,Male,Asian,0
63,144661,47570,306,18,0.5493203386832298,Female,Asian,1
41,25906,29519,727,30,0.6730854170441589,Male,Black,1
28,22591,27439,416,25,0.33187808524843665,Female,Asian,0
30,145576,16413,806,35,0.6142887385006843,Male,Asian,1
51,82987,19995,845,22,0.03240733835305747,Female,White,1
42,83370,28559,624,12,0.098328946033796,Male,Black,1
24,100685,28513,354,24,0.1624564743360497,Female,White,1
69,130454,10021,341,1,0.32156153969217566,Male,Black,0
21,125487,37464,596,1,0.6765959026606105,Female,White,0
25,74400,26119,530,15,0.2770128406303444,Female,Hispanic,1
37,45150,34299,752,8,0.5236969548123703,Female,Hispanic,0
46,51852,44350,693,27,0.5674514358427868,Female,Black,0
68,62870,30517,821,12,0.46894588327067316,Male,Hispanic,1
62,139796,18117,657,34,0.285793574536109,Female,White,0
63,72756,27250,743,12,0.4616426733708354,Female,Black,1
27,135357,23950,427,30,0.273812474231797,Male,Hispanic,1
60,139052,22359,704,20,0.06709899084160967,Female,Hispanic,1
51,76481,28596,691,31,0.7942431825488115,Male,Black,0
43,21283,30530,492,33,0.10174596290600874,Female,Hispanic,0
58,53691,6262,377,7,0.05787870706884588,Female,Hispanic,0
66,21125,45150,384,1,0.7028245993657247,Female,Black,0
20,87065,27615,329,37,0.2414677287143161,Female,Hispanic,0
23,148734,8327,348,31,0.5202375792588061,Female,Hispanic,0
22,46170,34768,444,39,0.2632045837297863,Female,Hispanic,0
22,28438,33850,368,27,0.31316341663557695,Male,Hispanic,0
64,40095,47788,357,36,0.20969037761343723,Male,Asian,0
40,36154,21848,778,0,0.2744352046344082,Female,Black,1
66,28004,44542,744,9,0.3285603204692345,Female,Asian,1
26,29752,20160,595,3,0.5763328552738743,Male,Asian,0
52,75426,38998,470,34,0.40922895538783344,Male,White,1
37,128896,32230,446,9,0.7548521737255816,Female,Asian,0
66,46819,14076,783,10,0.03350431507102041,Female,Asian,1
59,122168,8805,605,13,0.40245465810562253,Female,White,0
52,112051,36085,745,37,0.4673798310653745,Female,Hispanic,1
67,147905,19715,520,11,0.7361575888594192,Female,Hispanic,0
35,44217,10750,677,16,0.03932681889714207,Female,Asian,0
34,145949,18232,565,15,0.45879966794817284,Male,White,0
41,108708,40903,394,34,0.6829039428223657,Female,Hispanic,0
20,52994,11953,561,1,0.19354218249538926,Female,White,0
49,35036,37093,370,10,0.70103387881915,Male,Black,0
52,97275,30500,518,2,0.015234727419433458,Male,Black,0
55,117756,27418,832,28,0.5859637033069838,Male,Black,1
30,69416,39314,391,17,0.7464905769349225,Male,Black,0
64,29587,27449,426,19,0.5257581293120498,Female,Asian,0
42,130053,22478,379,13,0.3512233951843584,Male,Black,1
26,115665,40179,537,33,0.03590481317817442,Male,Black,1
21,20645,30338,671,30,0.7360910506581031,Female,White,0
31,50930,31899,785,39,0.37623697815325985,Male,Hispanic,1
54,101835,9145,324,17,0.02319739546875841,Male,White,1
51,142232,37101,455,29,0.5518568570630096,Female,Asian,0
28,50090,7775,816,24,0.38546980286100657,Female,Black,1
58,107489,36647,829,18,0.09947625395392859,Female,Hispanic,1
20,72142,24539,356,7,0.17141744744820767,Female,Hispanic,0
45,131979,41738,318,27,0.05159254436467702,Female,Black,1
46,46475,31616,683,7,0.45943483176685884,Female,Black,0
26,38888,19119,492,30,0.4976235834016074,Female,Asian,0
20,63732,30159,536,2,0.4045938386843555,Male,Asian,0
42,101623,42099,686,2,0.653681706402092,Male,Black,1
51,66305,15295,725,21,0.6888070570464109,Female,Black,1
29,66037,39710,576,16,0.4924995173465013,Male,Black,0
59,29346,29685,526,35,0.010205183765944438,Female,Black,0
26,20587,30479,622,16,0.5561837245981885,Male,Hispanic,0
32,32763,38629,452,13,0.3343993735362813,Female,Asian,0
57,79165,47043,536,8,0.4524459865811096,Male,Black,0
42,127481,22033,354,29,0.5192644816151075,Female,Black,0
22,89615,41902,735,20,0.28018929146166144,Male,Hispanic,1
28,56116,49571,408,11,0.7336788041374355,Female,White,0
51,140987,20408,483,36,0.10717989339982498,Male,Black,1
41,105751,22420,667,31,0.53720944582483,Male,Hispanic,0
32,111353,21351,497,10,0.0034876639652643426,Female,Hispanic,0
55,110301,9131,670,19,0.7397208843241447,Male,White,1
25,115648,49825,672,34,0.0900033065904732,Male,Asian,0
22,45556,16349,796,10,0.07590738411805971,Male,Asian,1
65,79042,49254,500,7,0.2664061064417954,Male,Asian,0
43,38099,43225,808,3,0.29885302883126447,Male,Black,1
35,129089,43847,621,26,0.1714400578583029,Female,Asian,1
23,65096,17453,574,39,0.4680973287416998,Female,Black,0
54,91986,23814,510,37,0.3543312784335709,Male,Black,0
65,33230,23263,803,29,0.027340471232869937,Female,Hispanic,1
30,49009,17158,417,26,0.2557216498042405,Male,Asian,0
45,90969,20735,341,20,0.6483463308585364,Female,Asian,0
22,53866,20830,614,19,0.5517612278894949,Male,Asian,0
30,125400,49673,628,3,0.5798966828639044,Male,Black,0
34,104246,28926,316,10,0.5584935392668189,Male,Black,1
67,96975,39779,582,12,0.24877841710642665,Male,Asian,1
57,61855,8373,557,8,0.0797311376614207,Female,Black,0
62,101557,15335,318,3,0.2179737472264768,Female,Black,1
49,26416,28741,828,11,0.6654282401481275,Female,White,0
46,92516,15692,722,8,0.784376638226457,Male,White,1
68,75915,39057,765,12,0.3950776117932491,Female,Asian,1
20,38058,6447,672,25,0.007760283938433777,Female,Asian,0
57,96637,24583,380,37,0.11203584970738323,Male,White,1
51,60718,27765,847,12,0.25766446025301265,Male,Black,1
57,52602,28906,723,38,0.46286827887435983,Male,Black,0
44,94658,24567,728,27,0.06007491664425118,Female,Hispanic,1
30,98112,19139,687,18,0.7546858389679053,Female,Asian,0
62,78067,43230,503,23,0.2920669386275206,Male,Asian,1
50,47516,24520,495,18,0.7300673743398585,Female,Asian,0
23,149295,24702,584,12,0.6244174422056175,Male,Hispanic,0
41,107969,30566,495,12,0.6043498180124649,Female,Hispanic,0
36,21089,12657,606,27,0.4853756638257856,Male,Black,0
33,57346,42688,313,1,0.5014270536414757,Female,White,0
57,94663,35134,445,9,0.5104025881729986,Female,White,0
45,30487,15345,356,21,0.5029771096204657,Female,White,0
50,20155,46185,509,12,0.44298258511868904,Male,Black,0
65,143950,32413,828,8,0.7891312147863112,Male,White,1
58,87494,10208,643,32,0.5858324539405569,Male,Hispanic,0
30,96229,38455,578,13,0.621557110714017,Female,Hispanic,0
60,124648,33018,508,19,0.6979702520669394,Male,Asian,0
62,58547,13080,634,14,0.17251181018067935,Female,White,0
42,48795,26902,587,31,0.06704332727604863,Male,Hispanic,0
59,75296,14486,551,32,0.38631554927887896,Male,Asian,0
53,41447,43862,564,16,0.41126455649541854,Female,White,0
44,56598,26158,570,23,0.6633454239599342,Female,White,0
55,61814,45460,718,29,0.3550268634258686,Male,Hispanic,1
24,110751,48856,510,12,0.4566824204354502,Male,Asian,0
22,145118,40871,664,15,0.4216567508107667,Female,Asian,0
60,95330,40208,375,1,0.030562227005912847,Female,Hispanic,1
62,141347,25519,620,16,0.4921719172775312,Male,Hispanic,1
68,118745,36379,732,31,0.6624346286194018,Female,Hispanic,1
48,107960,33378,408,7,0.12600043846064307,Male,White,1
40,83278,44892,821,2,0.4754653871412766,Male,Hispanic,1
59,75077,19031,346,11,0.4748884355571315,Male,Hispanic,0
27,132782,19536,678,19,0.131347971245087,Female,Black,0
49,142046,5446,395,15,0.09877085898458882,Male,Hispanic,1
60,122932,41683,402,13,0.7840415543811878,Male,Hispanic,0
47,91906,22618,445,15,0.3149753357224301,Female,White,0
56,29528,11587,326,32,0.18193738297882345,Female,Asian,0
48,113812,36480,829,29,0.13705963556349995,Female,White,1
35,70100,37994,381,11,0.534081370866588,Male,Black,0
53,129869,25527,727,14,0.48755623786182306,Female,Hispanic,1
19,28179,28569,778,17,0.514841698389934,Female,Hispanic,0
31,68781,16151,461,27,0.0704048220091618,Male,Hispanic,1
30,75267,10558,701,22,0.7148276667987497,Male,Hispanic,1
46,102379,49739,807,13,0.31141311744723865,Male,Hispanic,1
29,43952,37954,337,29,0.25069552514428634,Male,Hispanic,0
56,73798,48837,810,32,0.36988915779819137,Female,Black,1
19,118696,40303,692,14,0.3120528525981026,Male,Hispanic,0
49,130434,39700,793,6,0.6908616025113168,Female,Hispanic,1
30,70939,32500,499,14,0.7434087801583137,Male,Hispanic,1
63,49516,7032,554,37,0.24276257315968497,Male,Black,0
44,76526,6252,478,10,0.6911486459679639,Female,Hispanic,0
66,30449,10509,846,28,0.6252185036264537,Female,Black,0
58,70290,42842,688,30,0.7446461378758095,Female,White,1
34,146688,18900,697,24,0.19660024974871027,Male,Hispanic,1
57,106661,19523,457,23,0.4615673200967833,Male,Asian,0
48,92954,6881,303,18,0.21963566779235572,Female,Black,0
51,42746,38037,466,1,0.6592755923874994,Female,White,0
41,87990,6630,767,21,0.004259352456851407,Male,Black,1
62,78810,25789,708,19,0.4518553303091169,Female,Black,1
52,138362,27523,711,32,0.2713627450175344,Female,White,1
65,103297,22958,503,7,0.2581469656622562,Male,Hispanic,0
23,35223,48852,493,24,0.5159250590919336,Female,Hispanic,0
36,92237,6695,534,8,0.6811875594511951,Male,Black,0
47,22597,19821,449,33,0.487356313114661,Male,White,0
24,85677,8262,458,22,0.682538382917378,Male,Hispanic,0
27,22659,6445,578,4,0.211677689504824,Female,Black,0
58,106516,21436,703,24,0.4156014838119849,Female,Asian,1
49,94567,14949,610,7,0.36042923125366083,Female,White,1
51,35037,28963,367,15,0.009315919602476975,Female,Asian,0
45,146498,34932,762,14,0.44544971451259213,Male,Asian,1
32,66738,11901,387,0,0.5292194593169399,Male,Black,0
47,123965,38487,516,21,0.47353152353525607,Female,White,0
54,91678,13597,300,2,0.5890239190267372,Female,Hispanic,0
46,32109,11855,434,37,0.4570716227624617,Female,Hispanic,0
39,42010,23678,650,13,0.05340020388060554,Female,Black,0
21,28787,13263,439,35,0.09315641926776914,Male,Hispanic,0
37,128400,30805,432,17,0.47717966203516193,Female,Hispanic,0
49,28472,31143,477,17,0.21998335357891216,Male,Asian,1
53,135111,16874,657,2,0.06371610322781267,Female,Asian,1
67,43383,32529,679,9,0.34368219475883743,Female,White,0
21,81709,25866,749,38,0.4434580784669243,Female,Asian,1
44,89785,19079,762,0,0.26299679067968523,Male,Hispanic,1
34,133253,12243,407,26,0.5763469617806224,Female,White,0
29,54518,34872,421,26,0.5150164864809957,Male,White,0
39,73909,14018,316,10,0.2662546888733376,Male,Black,1
34,38351,17100,495,4,0.6038980231268485,Female,Asian,0
27,89624,24800,626,6,0.5189560340264284,Male,White,0
18,73330,31910,617,18,0.5099563029743217,Male,Hispanic,0
39,142477,34437,778,28,0.44274216062965444,Male,White,1
43,35282,42588,551,14,0.009111734470842237,Female,White,0
35,104866,16001,802,34,0.5572057467815114,Male,Black,1
67,127945,24942,418,36,0.3008334328873252,Male,Hispanic,0
31,41778,25862,797,11,0.7540877681269245,Female,Hispanic,0
64,44264,16669,785,29,0.6543878168617643,Female,Asian,0
46,79675,20916,344,19,0.4701555756250498,Male,Hispanic,1
29,25075,15878,613,36,0.20174558545541554,Male,White,1
53,95948,7985,478,2,0.1629739146221333,Male,Hispanic,1
52,68454,37369,717,8,0.27230787014203933,Male,Hispanic,1
69,48365,13112,377,38,0.3812543548640148,Female,White,0
29,92766,46235,625,25,0.2368524080311577,Female,Black,0
24,68200,23931,656,1,0.41194359631398625,Male,Asian,1
46,31002,32340,715,22,0.13229634041054875,Female,Asian,1
28,33947,5336,814,22,0.7821702502604,Male,Black,1
50,99222,47933,513,20,0.0863396439719951,Female,White,1
23,114840,24363,373,15,0.7455553117234976,Female,Asian,0
64,136219,8968,808,8,0.7308624091221559,Male,Black,1
32,98610,38678,631,12,0.42028838545559843,Male,Black,0
49,72142,21279,392,27,0.5799282174688675,Male,Black,0
68,76307,8129,818,26,0.3488386383780703,Male,Asian,1
28,24493,43215,568,16,0.5040276620339506,Female,Asian,0
40,144023,43897,675,37,0.27246074993689495,Female,Asian,1
43,70085,10850,303,35,0.2409272158283563,Male,Asian,0
51,54228,25588,437,0,0.462583828935611,Female,Hispanic,0
63,99676,45214,530,17,0.3985037393471843,Female,Black,0
51,71875,16949,828,8,0.46362909531998486,Male,Hispanic,1
46,51655,13519,351,12,0.2293284650296184,Male,Black,0
21,63472,31375,624,39,0.2935662654535962,Female,Asian,0
34,69437,38082,576,14,0.06711836850312745,Male,Asian,1
52,69416,16737,835,3,0.04182109781776458,Male,Hispanic,1
30,79711,6134,785,32,0.20276570373841302,Female,White,1
58,26816,15938,815,23,0.059397487464436606,Female,Asian,1
56,97175,29486,451,35,0.08301976690779256,Male,White,1
32,84307,31096,782,9,0.6503427243151497,Female,Black,1
46,132728,46115,558,35,0.031098957613351443,Male,Hispanic,1
46,66733,10592,623,19,0.5271542351477942,Male,White,1
28,148202,23108,467,10,0.21804619905232042,Female,White,1
69,115028,22270,609,11,0.6972365445665012,Female,Asian,0
49,136450,32649,778,17,0.38799382766199964,Male,White,1
19,31240,15997,355,29,0.2444611674622606,Male,White,0
64,118234,38489,772,36,0.4141111485515476,Male,Black,1
31,112493,14104,595,19,0.3055664152362151,Female,Hispanic,0
37,145149,5870,760,24,0.4514408517358642,Male,Asian,1
39,118344,33684,623,11,0.09162629466107859,Female,Asian,0
28,91363,44519,440,20,0.7975924022500409,Male,White,0
44,52762,39524,561,24,0.34044470215737405,Female,Black,0
20,28259,35957,719,10,0.27858451176589494,Male,White,1
34,70139,38885,540,8,0.5681678786530119,Female,White,0
61,148775,49369,654,24,0.291119525196266,Male,Asian,1
45,34849,40596,479,34,0.6666194440230062,Male,White,0
46,101768,34866,365,31,0.3634165794883402,Male,White,0
38,126108,35676,647,13,0.575646730612348,Male,Black,0
64,109709,18878,470,0,0.08596257315350925,Female,Asian,0
33,74869,44760,773,16,0.6768953484440895,Female,Hispanic,1
54,146888,32559,833,24,0.5885743894224879,Female,Black,1
37,83095,11771,666,7,0.16937342276957257,Female,Black,0
23,137886,21526,406,4,0.11622880779662932,Female,Black,0
36,90910,34896,738,4,0.2530338789804995,Male,Asian,1
22,106710,36923,526,34,0.7808564688255235,Female,White,0
20,43567,41203,743,18,0.20546525965364693,Female,Hispanic,1
18,55292,44390,741,22,0.36490176715730666,Female,Asian,0
55,94813,17852,695,8,0.02401618057386905,Female,White,1
32,117136,48391,383,29,0.317782023652986,Male,Black,1
51,71631,6848,312,15,0.4570560123464822,Male,Asian,0
52,29885,36027,792,32,0.7624996900063721,Male,White,1
66,79659,40464,567,1,0.41338883595205156,Male,Hispanic,0
42,74306,39485,824,13,0.6552858609421502,Female,Hispanic,1
41,86314,24456,419,0,0.4377021140551205,Female,White,0
29,85087,14259,652,25,0.03262801074841448,Male,Asian,1
35,49165,40554,356,24,0.25200662015181924,Male,Black,0
32,78929,18409,339,15,0.4604396062648826,Female,White,0
61,87028,8791,635,14,0.7604751727448995,Female,Black,0
33,115998,30864,472,25,0.6873042878009867,Male,Hispanic,0
44,69812,41639,846,15,0.18268449134307813,Male,White,1
25,70500,39574,558,13,0.17608786401533083,Male,Hispanic,1
63,99151,22888,816,28,0.16093837369112063,Male,Black,1
42,78643,24692,822,23,0.7379991170420026,Female,Black,0
34,64900,28501,416,14,0.6821329224813766,Female,White,1
46,62946,18304,483,18,0.619906745802359,Female,White,1
25,27851,32527,415,7,0.3141880913793821,Male,White,0
32,36288,23074,461,33,0.4035045634390135,Female,Hispanic,0
44,92692,20549,842,1,0.37146539583612226,Female,Black,1
63,87580,34963,536,26,0.20271848604749812,Male,Black,0
67,27368,30920,365,9,0.4040224369190136,Male,Hispanic,0
69,105436,35826,369,34,0.02439723828220357,Male,White,1
24,116136,41071,746,22,0.10544829879796734,Male,Asian,1
20,66403,21061,715,7,0.7092716769351571,Male,White,1
